-- phpMyAdmin SQL Dump
-- version 4.8.3
-- https://www.phpmyadmin.net/
--
-- Host: localhost:3306
-- Generation Time: May 23, 2020 at 01:28 PM
-- Server version: 5.6.47-cll-lve
-- PHP Version: 7.2.7

SET SQL_MODE = "NO_AUTO_VALUE_ON_ZERO";
SET AUTOCOMMIT = 0;
START TRANSACTION;
SET time_zone = "+00:00";


/*!40101 SET @OLD_CHARACTER_SET_CLIENT=@@CHARACTER_SET_CLIENT */;
/*!40101 SET @OLD_CHARACTER_SET_RESULTS=@@CHARACTER_SET_RESULTS */;
/*!40101 SET @OLD_COLLATION_CONNECTION=@@COLLATION_CONNECTION */;
/*!40101 SET NAMES utf8mb4 */;

--
-- Database: `ZW3`
--

-- --------------------------------------------------------

--
-- Table structure for table `HANZI`
--

CREATE TABLE `HANZI` (
  `hanzi_id` int(11) NOT NULL,
  `topic_id` int(11) NOT NULL,
  `word` mediumtext COLLATE utf8mb4_unicode_ci NOT NULL,
  `pinyin` mediumtext COLLATE utf8mb4_unicode_ci NOT NULL,
  `meaning` mediumtext COLLATE utf8mb4_unicode_ci NOT NULL,
  `img_id` int(11) NOT NULL,
  `fact` mediumtext COLLATE utf8mb4_unicode_ci NOT NULL,
  `year` int(11) NOT NULL
) ENGINE=InnoDB DEFAULT CHARSET=utf8mb4 COLLATE=utf8mb4_unicode_ci;

--
-- Dumping data for table `HANZI`
--

INSERT INTO `HANZI` (`hanzi_id`, `topic_id`, `word`, `pinyin`, `meaning`, `img_id`, `fact`, `year`) VALUES
(1, 8, '一', 'Yī', 'One', 2, 'If 一 is in numbers (eg. Phone numbers) it is pronounced yāo.', 1),
(2, 8, '二', 'Èr', 'Two', 3, '', 1),
(3, 8, '三', 'Sān', 'Three', 4, '', 1),
(4, 8, '四', 'sì', 'Four', 5, '', 1),
(5, 8, '五', 'wǔ', 'Five', 6, '', 1),
(6, 8, '六', 'liù', 'six', 7, '六 looks like a robot to me (with head, arms and legs). I imagine a robot with six packs.', 1),
(7, 8, '七', 'qī', 'Seven', 8, '七 looks like an inverted 7.', 1),
(8, 8, '八', 'bā', 'Eight', 9, '', 1),
(9, 8, '九', 'jiǔ', 'Nine', 10, 'In Hong Kong, there is a region called Kowloon (九龙 in Mandarin）. It means nine dragons.', 1),
(10, 8, '十', 'shí', 'ten', 11, '', 1),
(11, 8, '零', 'línɡ', 'zero', 12, 'The top part of zero is rain (雨), and the bottom part is the same as the first word of today (今天)', 1),
(12, 8, '百', 'bǎi', 'hundred', 13, '', 1),
(13, 8, '千', 'qiān', 'thousand', 14, '', 1),
(14, 8, '万', 'wàn', 'ten thousand', 1, '', 1),
(15, 8, '几', 'jǐ', 'how many', 1, '', 1),
(16, 8, '个', 'gè', 'a measure word', 1, 'There are other measure words for different things as well.', 1),
(17, 8, '月', 'yuè', 'month/moon', 16, '月 is a picture of a crescent moon in oracle bone script.', 1),
(18, 8, '日', 'rì', 'sun/ date (written)', 17, 'The ancient version of 日 is a circle with a dot in the middle, representing the sun.', 1),
(19, 8, '号', 'hào', 'date (spoken)', 18, 'If it is written, the date is 日(rì), not 号.', 1),
(20, 8, '每天', 'měitiān', 'everyday', 1, '', 1),
(21, 8, '今天', 'jīntiān', 'today', 1, '', 1),
(22, 8, '昨天', 'zuótiān', 'yesterday', 1, '', 1),
(23, 8, '明天', 'míngtiān', 'tomorrow', 1, '明 in 明天 is a combination of the sun (日）and the moon (月). When the sun and moon shines together, they are brighter. This means tomorrow is always brighter!', 1),
(24, 25, '什么', 'shénme', 'what', 1, '', 1),
(25, 26, '是', 'shì', 'am,is,are', 1, '', 1),
(26, 8, '星期一', 'xīngqīyī', 'Monday', 1, 'Another way to say is to write 周一 (zhōuyī).', 1),
(27, 8, '星期二', 'xīngqīèr', 'Tuesday', 1, '', 1),
(28, 8, '星期三', 'xīngqīsān', 'Wednesday', 1, '', 1),
(29, 8, '星期四', 'xīngqīsì', 'Thursday', 1, '', 1),
(30, 8, '星期五', 'xīngqīwǔ', 'Friday', 1, '', 1),
(31, 8, '星期六', 'xīngqīliù', 'Saturday', 1, '', 1),
(32, 8, '星期日', 'xīngqīrì', 'Sunday', 1, 'Or you can say星期天 (xīng qī tiān) - both are fine.', 1),
(33, 26, '快乐', 'kuàilè', 'Happy/ Joyful', 19, '快乐 is a combination of 快 (quick) and 乐(happy), it implies that happy times gone fast. So philosophical.', 1),
(34, 25, '哪一', 'nǎyī', 'which one', 1, 'A similar character for 哪 (nǎ - which) is 那 (nā - that).', 1),
(35, 8, '出生', 'chūshēng', 'born', 20, '', 1),
(36, 25, '多大', 'duōdà', 'how old', 1, '', 1),
(37, 8, '岁', 'suì', 'years old', 1, '', 1),
(38, 8, '属', 'shǔ', 'born in the year of', 1, 'The Chinese has twelve animals to represent different years. So, if you are born in 2000, you are a dragon because 2000 is the year of the dragon.', 1),
(39, 26, '姓名', 'xìngmíng', 'name', 1, '', 1),
(40, 26, '年龄', 'niánlíng', 'age', 1, '', 1),
(41, 26, '名字', 'míngzi', 'name (containing family name and given name)', 1, '', 1),
(42, 26, '好', 'Hǎo', 'good', 1, '好 (hǎo) “good” combines 女 (woman) and 子 (child; son). This character comes from the ancient idea that women were only “good” once they had given birth to a child.', 1),
(43, 26, '叫', 'jiào', 'to be called', 1, '', 1),
(44, 27, '我', 'Wǒ', 'I, me', 21, '', 1),
(45, 27, '她', 'Tā', 'she, her', 22, 'Note that 她 has the female radical (女) at the front.', 1),
(46, 27, '他', 'Tā', 'he,him', 23, '', 1),
(47, 26, '和', 'Hé', 'and', 1, '', 1),
(48, 26, '的', 'de', 'possessive particle', 1, '的 literally means (\'s) in English. For example - 我的 means my. ', 1),
(49, 26, '汉子', 'Hànzi', 'Chinese Characters', 24, '汉 (Hàn) refers to the Han people of China.', 1),
(50, 27, '你', 'Nǐ', 'you', 25, 'To be more polite, Beijing people use 您(nín) instead of 你.', 1),
(51, 15, '鼠', 'Shǔ', 'rat', 26, '', 1),
(52, 15, '牛', 'niú', 'bull/ox', 27, '牛 is the picture of the head of a cow with a horn.', 1),
(53, 15, '虎', 'hǔ', 'tiger', 28, '', 1),
(54, 15, '兔', 'Tù', 'rabbit', 29, '', 1),
(55, 15, '龙', 'lóng', 'dragon', 30, '', 1),
(56, 15, '蛇', 'shé', 'snake', 31, '', 1),
(57, 15, '马', 'mǎ', 'horse', 32, '', 1),
(58, 15, '羊', 'yáng', 'sheep', 33, '', 1),
(59, 15, '猴', 'hóu', 'monkey', 35, '猴 is an animal radical(犭) + 侯 (as in 有时候 - sometimes)', 1),
(60, 15, '鸡', 'jī', 'chicken', 36, '', 1),
(61, 15, '狗', 'gǒu', 'dog', 37, '', 1),
(62, 15, '猪', 'zhū', 'pig', 38, '', 1),
(63, 4, '缅甸', 'Miǎndiàn', 'Myanmar', 39, 'The creator of this app, Pi, is from Myanmar.', 1),
(64, 8, '两', 'Liǎng', 'two', 41, '两(liǎng) means two of something while 二 (èr) is more often used as the number. For example, we say 两个哥哥 to say two elder brothers, not 二个哥哥。', 1),
(65, 5, '家', 'jiā', 'home/family', 42, '家 can mean family, or home or it serves as a measure word for places. (eg. 一家公司 - a company)', 1),
(66, 5, '家人', 'jiārén', 'family member', 43, '', 1),
(67, 26, '有', 'yǒu', 'to have', 1, '有 is also used to indicate weather. (eg. 有雨 - rain)', 1),
(68, 26, '没有', 'méiyǒu', 'not have', 1, '', 1),
(69, 26, '不', 'Bù', 'not', 44, '', 1),
(70, 5, '爸爸', 'Bàba', 'father', 46, '', 1),
(71, 5, '妈妈', 'Māma', 'mother', 47, '', 1),
(72, 5, '爷爷', 'Yéyé', 'grandfather (father\'s side)', 48, '爷爷 looks like YY to me.', 1),
(73, 5, '奶奶', 'Nǎinai', 'grandmother (father\'s side)', 50, '', 1),
(74, 5, '外公', 'Wàigōng', 'grandfather (mother\'s side)', 51, 'Whenever I think of the word \'Gong\', it reminds me of Grandfather clock, which goes \'Gong Gong Gong\'. ', 1),
(75, 5, '外婆', 'Wàipó', 'grandmother (mother\'s side)', 52, '', 1),
(76, 5, '哥哥', 'gēge', 'elder brother', 53, 'If you have two elder brothers and you want to refer to the oldest one, say \'大哥\'', 1),
(77, 5, '弟弟', 'dìdi', 'younger brother', 54, '', 1),
(78, 5, '姐姐', 'jiějie', 'older sister', 55, '', 1),
(79, 5, '妹妹', 'mèimèi', 'younger sister', 56, '', 1),
(80, 5, '兄弟姐妹', 'Xiōngdì jiěmèi', 'siblings', 57, '兄弟 alone means brothers', 1),
(81, 26, '这', 'Zhè', 'this', 1, 'You can say \'这个老师\' for \'This teacher\'', 1),
(82, 26, '还', 'Hái', 'also (self)', 1, '还 means \'also\' for the same person. \'also\' for different people is 也.', 1),
(83, 5, '人', 'Rén', 'person', 58, 'The radical for 人 is亻and it only sits on the left side of a character. Words with 亻 often describe human actions, such as 作 (to make).', 1),
(84, 5, '口', 'Kǒu', 'measure word for people', 1, '口 means mouth, but in this context, it is a measure word for people.', 1),
(85, 25, '谁', 'Shéi', 'who', 59, '', 1),
(86, 26, '那', 'Nà', 'that', 1, '那 and 哪 are not the same. (adding 口 makes a difference)', 1),
(87, 26, '也', 'Yě', 'Also (different person)', 1, '也 means \'also\' for different people. To refer to the same people, use \'还\'', 1),
(88, 7, '小学', 'xiǎoxué', 'primary school', 60, '', 1),
(89, 7, '中学', 'zhōngxué', 'high school', 61, '', 1),
(90, 7, '大学', 'dàxué', 'university', 62, '', 1),
(91, 5, '小学生', 'xiǎo xué shēng', 'primary school student', 63, '', 1),
(92, 5, '中学生', 'zhōng xué shēng', 'high school student', 64, '', 1),
(93, 5, '大学生', 'dà xué shēng', 'university student', 65, '', 1),
(94, 26, '都', 'Dōu', 'both', 1, '', 1),
(95, 5, '上七年级', 'Shàng qī nián jí', 'Grade 7', 66, '', 1),
(96, 25, '吗', '', 'a question word (for yes/no)', 1, '吗 is usually attached at the end of the sentence to make it a yes or no question.', 1),
(97, 2, 'T恤衫', 'tī xù shān', 'T shirt', 67, '', 1),
(98, 5, '独生子', 'Dúshēngzǐ', 'only son', 68, '', 1),
(99, 5, '独生女', 'Dúshēngnǚ', 'only daughter', 69, '', 1),
(100, 5, '爱', 'Ài', 'love', 70, '', 1),
(101, 27, '我们', 'Wǒmen', 'we/us', 71, '', 1),
(102, 27, '你们', 'Nǐmen', 'you all', 72, '', 1),
(103, 27, '他们', 'Tāmen', 'they/them', 73, '', 1),
(104, 25, '哪', 'Nǎ', 'which', 74, '', 1),
(105, 4, '中国', 'zhōngguó', 'China', 76, '', 1),
(106, 4, '美国', 'měiguó', 'USA', 77, '', 1),
(107, 4, '英国', 'yīngguó', 'England', 78, '', 1),
(108, 4, '法国', 'fǎguó', 'France', 79, '', 1),
(109, 4, '德国', 'déguó', 'German', 80, '', 1),
(110, 5, '住', 'zhù', 'to live', 1, '', 1),
(111, 5, '住在', 'zhù zài', 'to live in', 1, '', 1),
(112, 26, '对', ' Duì', 'correct', 81, '', 1),
(113, 4, '西班牙', 'xī bān yá', 'Spain', 82, '', 1),
(114, 4, '俄罗斯', 'È luó sī', 'Russia', 83, '', 1),
(115, 4, '日本', 'rì běn', 'Japan', 85, '日本 literally means &quot;origin of the sun&quot; - 日 is sun and 本 means origin or source. This refers to the eastward position of Japan relative to China.', 1),
(116, 4, '新加坡', 'xīn jiā pō', 'Singapore', 86, 'The characters used are 新 as in 新闻, and  加 - which means \'add\'.', 1),
(117, 4, '加拿大', 'jiā ná dà', 'Canada', 87, '', 1),
(118, 4, '泰国', 'Tài guó', 'Thailand', 88, '', 1),
(119, 4, '南非', 'Nán fēi', 'South Africa', 89, '', 1),
(120, 4, '巴西', 'Bā xī', 'Brazil', 91, '', 1),
(121, 4, '澳大利亚', 'ào dà lì yà', 'Australia', 92, '', 1),
(122, 26, '同学', 'tóngxué', 'classmate', 93, '', 1),
(123, 26, '一半', 'Yī bàn', 'half', 94, '', 1),
(124, 26, '一起', 'Yī qǐ', 'Together', 95, '', 1),
(125, 28, '每天', 'měi tiān', 'everyday', 1, '', 1),
(126, 26, '但是', 'Dàn shì', 'But', 97, '', 1),
(127, 4, '长大', 'Zhǎng dà', 'grow up', 98, '', 1),
(128, 26, '小名', 'Xiǎo míng', 'nickname', 1, '', 1),
(129, 29, '鼓', 'ɡǔ', 'drum', 99, '', 1),
(130, 29, '笛子', 'dízi', 'Chinese transverse flute', 100, 'Chinese vertical end-blown flute is called 箫 - xiāo.', 1),
(131, 29, '龙头', 'lónɡ tóu', 'Dragon Head', 101, '', 1),
(132, 29, '龙尾', 'Lóng wěi', 'Dragon tail', 102, '', 1),
(133, 29, '龙身', 'Lóng shēn', 'Dragon body', 103, '', 1),
(134, 29, '珠', 'Zhū', 'Pearl', 104, '', 1),
(135, 26, '会', 'huì', 'can', 1, 'Actually, 会 has 3 meanings in Mandarin Ab : can (know how to), will and for a while.', 1),
(136, 4, '说', 'shuō', 'to speak', 105, '', 1),
(137, 29, '油炸鬼', 'Yóu zhá ɡuǐ', 'Chinese fried dough', 106, 'It is known as \'အီကြာ‌ကွေး\' in Myanmar language, and it has an amazing story behind it.', 1),
(138, 29, '鸳鸯', 'yuānyānɡ', 'mandarin duck', 107, '', 1),
(139, 4, '语言', 'yǔyán', 'language', 108, '', 1),
(140, 4, '外语', 'wài yǔ', 'foreign language', 109, '', 1),
(141, 4, '汉语', 'Hàn yǔ', 'Chinese language', 110, 'It refers to the language of the Han people, the majority population in China.', 1),
(142, 26, '跟', 'Gēn', 'with', 1, 'It means \'heel\' as noun, but \'with\' as preposition.', 1),
(143, 26, '一点儿', 'Yī diǎn er', 'a little bit', 111, 'To emphasise, say 一点点儿.', 1),
(144, 4, '英文', 'Yīng wén', 'English language (written)', 112, 'We use 文(wén) to refer to the written language, but 语 (yǔ) to refer to the spoken language.', 1),
(145, 4, '香港', 'Xiāng gǎng', 'Hong Kong', 114, 'The name 香港 translates as &quot;fragrant harbour&quot; or &quot;incense harbour&quot;.', 1),
(146, 5, '父母', 'Fù mǔ', 'Parents', 115, 'The character 父 (fù) traditionally depicts a man using an axe to chop down wood. He’s the father figure of ancient times keeping the family warm. In its earliest recorded oracle-bone inscription, 母 showed a woman on her knees or standing while breastfeeding. The modern form tilts sideways and has lost the longer strokes that represented legs, but still depicts breastfeeding.', 1),
(147, 4, '母语', 'Mǔ yǔ', 'Mother tongue', 116, 'Since 母 represents the source of life, it can also mean “origin”. In this case, it boils down to native language. or “parent”, ', 1),
(148, 4, '北', 'běi', 'north', 117, '', 1),
(149, 4, '南', 'nán', 'south', 118, '', 1),
(150, 4, '西', 'xī', 'west', 119, '', 1),
(151, 4, '东', 'dōng', 'east', 120, '', 1),
(152, 26, '现在', 'Xiàn zài', 'now', 1, '', 1),
(153, 4, '北京', 'Běi jīng', 'Beijing', 121, 'It literally translates to Northern Capital.', 1),
(154, 4, '去过', 'Qùguò', 'have been to', 1, '', 1),
(155, 4, '北美洲', 'Běi měi zhōu', 'North America', 122, '', 1),
(156, 4, '欧洲', 'ōu zhōu', 'Europe', 123, '', 1),
(157, 4, '亚洲', 'yà zhōu', 'Asia', 124, '', 1),
(158, 4, '南美洲', 'Nán měi zhōu', 'South America', 125, '', 1),
(159, 4, '大洋洲', 'Dà yáng zhōu', 'Oceania', 126, '', 1),
(160, 4, '普通话', 'Pǔ tōng huà', 'Mandarin', 127, '', 1),
(161, 4, '广东话', 'Guān dōng huà', 'Cantonese', 128, '', 1),
(162, 1, '眼睛', 'yǎn jīng', 'eye', 129, '', 1),
(163, 1, '鼻子', 'bí zi', 'nose', 130, '', 1),
(164, 1, '嘴巴', 'Zuǐ bā', 'mouth', 131, '', 1),
(165, 1, '耳朵', 'ěr duo', 'ear', 132, '耳 is an ear radical.', 1),
(166, 1, '头发', 'tóu fa', 'hair', 133, '', 1),
(167, 26, '很', 'Hěn', 'very', 1, '', 1),
(168, 1, '很', 'Hěn', 'very', 1, '', 1),
(169, 1, '短', 'duǎn', 'short (length)', 134, '', 1),
(170, 1, '长', 'cháng', 'long', 135, '', 1),
(171, 1, '样', 'Yàng', 'Appearance', 136, '', 1),
(172, 1, '脸', 'liǎn', 'face', 137, '', 1),
(173, 1, '圆', 'yuán', 'round', 138, '', 1),
(174, 1, '高', 'gāo', 'tall', 139, '', 1),
(175, 1, '矮', 'ǎi', 'short (height)', 140, '', 1),
(176, 1, '胖', 'pàng', 'fat', 141, 'Fun fact: Fat people are considered beautiful in ancient China. It is a standard of beauty.', 1),
(177, 1, '瘦', 'shòu', 'thin', 142, '', 1),
(178, 1, '长得', 'Zhǎng dé', 'looks / appears', 223, '长得 serves to imply \'look\' or \'appears\'. (eg. 你长得很高 means you are tall)', 1),
(179, 1, '头', 'tóu', 'head', 144, '', 1),
(180, 1, '肩膀', 'Jiān bǎng', 'shoulder', 145, '', 1),
(181, 1, '膝盖', 'Xī gài', 'knee', 146, '', 1),
(182, 1, '手', 'shǒu', 'hand', 147, 'You can remember 手 by visualizing the vertical stroke as the wrist, and the horizontal strokes as the lines on our palms.', 1),
(183, 1, '手指头', 'Shǒu zhǐ tou', 'finger', 148, '', 1),
(184, 1, '脚', 'jiǎo', 'foot', 149, '', 1),
(185, 1, '脚趾头', 'Jiǎo zhǐ tóu', 'toe', 151, '', 1),
(186, 1, '直发', 'Zhí fā', 'straight hair', 152, '', 1),
(187, 1, '卷发', 'Juǎn fǎ', 'curly hair', 153, '', 1),
(188, 1, '方', 'Fāng', 'square', 154, '', 1),
(189, 1, '翅膀', 'Chì bǎng', 'wing', 155, '', 1),
(190, 1, '尾巴', 'Wěi bā', 'tail', 156, '', 1),
(191, 1, '毛', 'Máo', 'fur', 157, '', 1),
(192, 1, '毛茸茸的', 'Máo róng rōng de', 'furry', 158, '毛茸茸的 is an adjective used to describe while 毛 alone means fur.', 1),
(193, 29, '虫儿飞', 'Chóng er fēi', 'Fireflies', 159, 'This is one of Pi\'s favourite songs.', 1),
(194, 1, '飞', 'Fēi', 'fly', 161, '', 1),
(195, 1, '脖子', 'Bó zi', 'neck', 162, '', 1),
(196, 1, '牙', 'Yá', 'tooth', 163, '', 1),
(197, 1, '舌头', 'Shé tou', 'tongue', 164, '', 1),
(198, 1, '漂亮', 'piào liang', 'beautiful', 165, '漂亮 can also be used for non-humans. (eg. 香港很漂亮 - Hong Kong is very beautiful)', 1),
(199, 1, '帅', 'Shuài', 'handsome', 166, '帅 can also mean \'cool\'. 帅 is mainly used for males.', 1),
(200, 1, '可爱', 'kěài', 'cute', 168, '', 1),
(201, 26, '虽然', 'Suī rán', 'although', 1, '', 1),
(202, 25, '多重', 'duō zhòng', 'how heavy', 169, '', 1),
(203, 25, '多高', 'duō gāo', 'how tall', 170, '', 1),
(204, 1, '米', 'mǐ', 'meter', 171, '', 1),
(205, 1, '斤', 'jīn', 'A Chinese unit for weight', 1, 'For reference, 2 jīn equals 1 kilogram.', 1),
(206, 1, '公斤', 'gōngjīn', 'kilogram', 172, '', 1),
(207, 1, '公分', 'gōng fēn', 'centimeter', 173, '', 1),
(208, 5, '朋友', 'péng you', 'friend', 174, '', 1),
(209, 26, '又', 'Yòu', 'and', 1, 'Repeating 又 twice (又...又) has a special sentence structure. It means something and something.', 1),
(210, 1, '像', 'Xiàng', 'look like', 1, '', 1),
(211, 5, '男朋友', 'nán péng you', 'boyfriend', 175, '', 1),
(212, 5, '女朋友', 'nǚ péng you', 'girlfriend', 176, '', 1),
(213, 1, '个子', 'gè zi', 'height', 177, '', 1),
(214, 5, '儿子', 'ér zi', 'son', 178, 'The character 子 is based on an oracle-bone inscription that depicts a baby (complete with an oversized head and a few wispy hairs). In addition to “child” or “son”, 子 (zǐ/zi) can also mean “seed”, “egg”, and “small thing”. ', 1),
(215, 5, '女儿', 'nǔér', 'daughter', 179, '', 1),
(216, 25, '年纪', 'Nián jì', 'how old (polite)', 1, 'This is a more polite form of 多大. It is usually used to speak to elders.', 1),
(217, 3, '颜色', 'Yán sè', 'colour', 181, '', 1),
(218, 26, '喜欢', 'xǐ huan', 'to like', 1, '', 1),
(219, 3, '喜欢', 'xǐ huan', 'to like', 1, '', 1),
(220, 3, '天', 'Tiān', 'sky', 182, '', 1),
(221, 3, '云', 'Yún', 'cloud', 183, '', 1),
(222, 3, '草', 'cǎo', 'grass', 184, '', 1),
(223, 3, '白', 'bái', 'white', 185, 'In Chinese culture, white is associated with horror or death. It is unlucky.', 1),
(224, 29, '三国', 'Sān ɡuó', 'Three Kingdoms', 186, 'The Three Kingdoms (220–280 AD) was the tripartite division of China among the states of Wei (魏), Shu (蜀), and Wu(吴).', 1),
(226, 3, '黑', 'hēi', 'black', 188, '', 1),
(227, 3, '灰', 'Huī', 'gray', 189, '', 1),
(228, 3, '蓝', 'lán', 'blue', 191, '', 1),
(229, 3, '黄', 'huánɡ', 'yellow', 193, 'In Chinese culture, yellow is the colour of the empire. ', 1),
(230, 3, '红', 'hóng', 'red', 194, 'In Chinese culture, red means good luck and happiness.', 1),
(231, 3, '粉', 'Fěn', 'pink', 195, '', 1),
(232, 3, '绿', 'lǜ', 'green', 196, 'In Chinese culture, green can be both good and bad. It can mean environment, in a good way. However, when somebody wears a green hat, it means his wife cheated on him.', 1),
(233, 3, '紫', 'Zǐ', 'purple', 197, '', 1),
(234, 3, '橙', 'chéng', 'orange', 198, '', 1),
(235, 3, '棕', 'zōng', 'brown', 199, '', 1),
(236, 3, '彩色', 'Cǎi sè', 'colourful', 200, '', 1),
(237, 3, '浅', 'Qiǎn', 'light', 201, '浅 refers to the light colours. For example, we say 浅绿色 for light green.', 1),
(238, 3, '深', 'Shēn', 'dark', 202, '深 refers to the dark colours. For example, we say 深绿色 for dark green.', 1),
(239, 2, '穿着', 'chuān zhe', 'wear cloth', 203, '着 alone implies the verb \'ing\' form - meaning that somebody is doing something.', 1),
(240, 2, '衣服', 'yī fu', 'clothes', 204, '', 1),
(241, 2, '长裤', 'cháng kù', 'trousers', 205, '', 1),
(242, 2, '毛衣', 'máo yī', 'sweater', 206, '', 1),
(243, 2, '衬衫', 'chèn shān', 'shirt', 207, '', 1),
(244, 2, '牛仔裤', 'niú zǎi kù', 'jeans', 208, '牛仔裤 literally means cowboy pants. 牛 - cow, 仔 - young man ', 1),
(245, 2, '连衣裙', 'lián yī qún', 'dress', 209, '', 1),
(246, 2, '袜子', 'wà zī', 'socks', 210, '', 1),
(247, 2, '运动服', 'yùn dòng fú', 'sportswear', 211, '运动 alone means sports.', 1),
(248, 2, '皮鞋', 'pí xié', 'leather shoes', 212, '', 1),
(249, 2, '外套', 'wài tào', 'overcoat', 213, '', 1),
(250, 2, '校服', 'xiào fú', 'school uniform', 214, '', 1),
(251, 2, '运动鞋', 'yùn dòng xié', 'sneakers', 215, '', 1),
(252, 2, '围巾', 'wéi jīn', 'scarf', 216, '', 1),
(253, 2, '皮带', 'pí dài', 'belt', 217, '皮 alone means leather, as in 皮鞋 (leather shoe)', 1),
(254, 2, '帽子', 'mào zi', 'hat', 218, '', 1),
(255, 2, '手套', 'shǒu tào', 'gloves', 219, '', 1),
(256, 2, '领带', 'lǐng dài', 'tie', 220, '', 1),
(257, 2, '眼镜', 'yǎn jìng', 'glasses', 221, '', 1),
(258, 2, '戴着', 'dài zhē', 'wearing accessories', 223, '戴着 is used for other things which are not worn as clothes (eg. hats, glasses, scarf, tie.etc)', 1),
(259, 29, '墨镜', 'mò jìnɡ', 'sunglasses', 222, '', 1),
(260, 2, '带', 'dài', 'to carry', 224, '', 1),
(261, 2, '条纹', 'Tiáo wén', 'stripe texture', 225, 'Example: 一条有蓝白条纹的床单 - a blue and white striped bed sheet', 1),
(262, 2, '格子', 'Gé zi', 'checkerboard texture', 226, '', 1),
(263, 29, '耳环', 'Ěr huán', 'earring', 227, '', 1),
(264, 2, '手表', 'Shǒu biǎo', 'Watch', 228, '', 1),
(265, 29, '项链', 'Xiàng liàn', 'Necklace', 229, '', 1),
(266, 29, '手链', 'Shǒu liàn', 'Bracelet', 230, '', 1),
(267, 26, '男生', 'Nán shēng', 'boy', 231, '', 1),
(268, 26, '女生', 'Nǚ shēng', 'girl', 232, '', 1),
(269, 26, '从到', 'cóng … dào', 'from…to…', 1, 'It is used in the sentence structure - 从 something 到 something.', 1),
(270, 26, '等等', 'Děng děng', 'etc.', 1, '', 1),
(271, 26, '加', 'Jiā', 'plus', 233, '', 1),
(272, 26, '减', 'Jiǎn', 'minus', 234, '', 1),
(273, 26, '等于', 'Děng yú', 'equal', 235, '', 1),
(274, 10, '点', 'diǎn', 'o’clock', 236, '', 1),
(275, 10, '分', 'fēn', 'minute', 237, 'In fact, 分 can mean minute, or point, or score.', 1),
(276, 10, '刻', 'kè', 'a quarter of an hour', 238, '', 1),
(277, 10, '半', 'Bàn', 'half an hour', 239, '', 1),
(278, 10, '差', 'Chà', 'minutes to an hour', 240, 'You can say 差十分七点 to say 10 minutes to 7 o\'clock', 1),
(279, 10, '早上', 'Zǎo shang', 'early morning', 241, '', 1),
(280, 10, '上午', 'shàng wǔ', 'morning', 242, '', 1),
(281, 10, '中午', 'zhōng wǔ', 'noon', 243, '', 1),
(282, 10, '下午', 'xià wǔ', 'afternoon', 244, '', 1),
(283, 10, '晚上', 'wǎng shang', 'evening', 245, '晚上 means both evening and night.', 1),
(284, 10, '起床', 'qǐ chuáng', 'to get up', 246, '', 1),
(285, 10, '洗脸', 'xǐ liǎn', 'to wash face', 247, '', 1),
(286, 10, '刷牙', 'shuā yá', 'to brush teeth', 248, '', 1),
(287, 10, '吃早饭', 'Chī zǎo fàn', 'eat breakfast', 249, '', 1),
(288, 10, '穿衣服', 'Chuān yī fú', 'wear clothes', 250, '', 1),
(289, 10, '去上学', 'Qù shàng xué', 'go to school', 251, '', 1),
(290, 10, '上课', 'shàng kè', 'class starts', 252, '', 1),
(291, 10, '吃午饭', 'Chī wǔ fàn', 'eat lunch', 253, '', 1),
(292, 10, '放学', 'fàng xué', 'school finishes', 254, '', 1),
(293, 10, '做作业', 'Zuò zuo yè', 'do homework', 255, '', 1),
(294, 10, '看电视', 'kàn diàn shì', 'to watch TV', 256, '', 1),
(295, 10, '洗澡', 'xǐ zǎo', 'to take a shower', 257, '', 1),
(296, 10, '睡觉', 'shuì jiào', 'to go to bed', 258, '', 1),
(297, 10, '总是', 'Zǒng shì', 'always', 1, 'This is one of the frequency words.', 1),
(298, 10, '经常', 'Jīng cháng', 'often', 1, 'You can also say 常常.', 1),
(299, 10, '有时候', 'yǒu shí hou', 'sometimes', 1, '', 1),
(300, 10, '偶尔', 'Ǒu ěr', 'occassionally', 1, '', 1),
(301, 10, '从来不', 'Cóng lái bu', 'never', 1, '', 1),
(302, 10, '然后', 'rán hòu', 'then', 1, '', 1),
(303, 26, '然后', 'rán hòu', 'then', 1, '', 1),
(304, 26, '以后', 'Yǐ hòu', 'after', 1, '', 1),
(305, 10, '以后', 'Yǐhòu', 'after', 1, '', 1),
(306, 10, '先', 'xiān', 'firstly', 1, '', 1),
(307, 10, '再', 'Zài', 'next', 1, '', 1),
(308, 10, '日记', 'Rì jì', 'diary', 259, '', 1),
(309, 10, '吃晚饭', 'Chī wǎn fàn', 'have dinner', 260, '', 1),
(310, 10, '小时', 'xiǎo shi', 'hour', 261, '', 1),
(311, 10, '时间', 'Shí jiān', 'time (duration)', 262, '', 1),
(312, 10, '分钟', 'fēn zhōng', 'minute', 263, '', 1),
(313, 10, '只好', 'Zhǐ hǎo', 'have to (reluctantly)', 1, '', 1),
(314, 10, '得', 'děi', 'have to (voluntary)', 1, 'Note that 得 has multiple pronunciations.', 1),
(315, 11, '电车', 'diàn chē', 'tram', 264, '电 alone means electricity, and 车 means vehicle. It literally translates to electric vehicle. ', 1),
(316, 11, '火车', 'huǒ chē', 'train', 265, '火 means fire and 车 means vehicle.', 1),
(317, 11, '飞机', 'fēi jī', 'airplane', 266, '飞 means fly and 机 means machine.', 1),
(318, 11, '地铁', 'dì tiě', 'underground/subway', 267, '地 refers to ground and 铁 means iron.', 1),
(319, 11, '高铁', 'ɡāo tiě', 'High-speed rail', 268, 'In this case, 高 means above and 铁 means iron. Probably because the high speed rail travels above the ground.', 1),
(320, 11, '船', 'chuán', 'ferry', 269, '', 1),
(321, 11, '校车', 'xiào chē', 'schoolbus', 270, '校 refers to school and 车 refers to vehicle. ', 1),
(322, 11, '摩托车', 'mó tuō chē', 'motorbike', 271, '', 1),
(323, 11, '自行车', 'zì xínɡ chē', 'bicycle', 272, '', 1),
(324, 11, '出租车', 'chū zū chē', 'taxi', 273, 'We can also say 的士 (dī shì) for taxi.', 1),
(325, 11, '汽车', 'qì chē', 'car', 274, '', 1),
(326, 11, '走路', 'zǒu lù', 'to walk', 275, '', 1),
(327, 25, '怎么', 'zěn me', 'how', 1, '', 1),
(328, 11, '坐', 'zuò', 'to take', 1, '坐 literally means to sit. It is the verb which is used when you sit and ride a vehicle (apart from the ones where you have to put your legs around - such as horse or bicycle)', 1),
(329, 11, '骑', 'qí', 'to ride', 278, 'You can use 骑 for the vehicles where you have to put your legs across. (such as horse, bicycles, motorbikes)', 1),
(330, 11, '开', 'kāi', 'to drive', 279, '开 is used when you drive the vehicle yourself.', 1),
(331, 11, '上班', 'shàng bān', 'to go to work', 280, '', 1),
(332, 11, '优点', 'yōu diǎn', 'advantage', 281, '', 1),
(333, 11, '缺点', 'quē diǎn', 'disadvantage', 282, '', 1),
(334, 11, '方便', 'fāng biàn', 'convenient', 283, '', 1),
(335, 11, '贵', 'guì', 'expensive', 284, '', 1),
(336, 11, '便宜', 'pián yi', 'cheap', 285, '', 1),
(337, 11, '更', 'gèng', 'more', 1, '', 1),
(338, 11, '最', 'zuì', 'most', 1, '', 1),
(339, 11, '比', 'bǐ', 'than', 1, '', 1),
(340, 11, '快', 'kuài', 'fast', 286, '', 1),
(341, 11, '慢', 'màn', 'slow', 287, '', 1),
(342, 7, '职业', 'Zhí yè', 'Occupation', 288, '', 1),
(343, 7, '工作', 'gōng zuò', 'to work', 289, '', 1),
(344, 7, '老师', 'lǎoshī', 'teacher', 290, '', 1),
(345, 7, '科学家', 'kē xué jiā', 'scientist', 291, '科学 alone means Science. In this context, 家 means an expert. You can attach 家 after a subject to say an expert in that subject.', 1),
(346, 7, '农民', 'nóng mín', 'peasant', 292, '', 1),
(347, 7, '秘书', 'mìshū', 'secretary', 293, '', 1),
(348, 7, '模特', 'Mó tè', 'model', 294, '', 1),
(349, 7, '商人', 'Shāng rén', 'Businessman', 295, '', 1),
(350, 7, '司机', 'sī jī', 'driver', 296, 'Attach 司机 after a vehicle to make it the driver of that vehicle. (eg. 出租车司机 - Chū zū chē sī jī-Taxi Driver)', 1),
(351, 7, '消防员', 'Xiāo fáng yuán', 'Firefighter', 297, '消 means to eliminate, 防  means to protect, 员 means person. It has nothing to do with fire.', 1),
(352, 7, '记者', 'jì zhě', 'Journalist', 298, '', 1),
(353, 7, '演员', 'yǎn yuán', 'Actor', 299, '', 1),
(354, 7, '女演员', 'nǚ yǎn yuán', 'Actress', 300, '', 1),
(355, 7, '宇航员', 'Yǔ háng yuán', 'Astronaut', 301, '宇(yǔ) means universe, 航(háng) means boat or ship, 员 (yuán) is person.', 1),
(356, 7, '警察', 'Jǐng chá', 'police officer', 302, '警(jǐng) means to alert/to warn or police, and  察(chá) means to inspect or to observe', 1),
(357, 7, '邮递员', 'Yóu dì yuán', 'postman', 303, '邮(yóu) - mail , 递(dì) - to hand over, 员(yuán) - person ', 1),
(358, 7, '建筑师', 'Jiàn zhú shī', 'Architect', 304, '建(jiàn) - to build/construct, 筑(zhú) - to build/construct , 师(shī) - expert or master', 1),
(359, 7, '厨师', 'chúshī', 'chef', 305, '厨(chú) - kitchen , 师(shī) - master or expert', 1),
(360, 7, '牙医', 'yá yī', 'dentist', 306, '牙(yá) - tooth , 医(yī) - means doctor/ medicine or to cure', 1),
(361, 7, '医生', 'yī shēng', 'doctor', 307, '医(yī) - medicine, doctor, to cure, 生(shēng) - to be born, or student ', 1),
(362, 7, '摄影师', 'Shè yǐng shī', 'Photographer', 308, '摄影 is photography', 1),
(363, 7, '飞行员', 'Fēi xíng yuán', 'Aircraft Pilot', 309, '飞(fēi) - to fly, 行(xíng) - to go/travel, 员(yuán) - person', 1),
(364, 7, '歌手', 'Gē shǒu', 'Musician', 311, '歌 means sing, 手 means hand, but in this context it means a person who is good at something', 1),
(365, 7, '教', 'Jiào', 'teach', 312, '', 1),
(366, 7, '家庭主妇', 'jiā tíng zhǔ fù', 'house wife', 313, '家(jiā) - house , 庭(tíng) - main hall, 主(zhǔ) - owner/ host, 妇(fù) - woman', 1),
(367, 7, '工人', 'gōng rén', 'worker', 314, '', 1),
(368, 7, '护士', 'hù shi', 'nurse', 315, '', 1),
(369, 7, '经理', 'jīng lǐ', 'manager', 316, '', 1),
(370, 7, '银行家', 'Yín háng jiā', 'banker', 317, '', 1),
(371, 7, '律师', 'lǜshī', 'lawyer', 318, '', 1),
(372, 7, '服务员', 'fú wù yuán', 'waiter/waitress', 319, '', 1),
(373, 7, '工厂', 'Gōng chǎng', 'factory', 320, '', 1),
(374, 7, '医院', 'yī yuàn', 'hospital', 321, '', 1),
(375, 7, '酒店', 'Jiǔ diàn', 'hotel', 322, '酒 alone means alcohol.', 1),
(376, 7, '公司', 'Gōng sī', 'company', 323, '', 1),
(377, 7, '银行', 'yín háng', 'bank', 324, '', 1),
(378, 7, '学校', 'Xué xiào', 'school', 325, '', 1),
(379, 7, '国际学校', 'Guó jì xué xiào', 'International School', 326, '', 1),
(380, 7, '律师行', 'Lǜ shī xíng', 'law firm', 327, '', 1),
(381, 7, '饭店', 'fàn diàn', 'restaurant', 328, '', 1),
(382, 7, '商店', 'Shāng diàn', 'Store', 329, '', 1),
(383, 7, '忙', 'mánɡ', 'busy', 330, '', 1),
(384, 7, '出差', 'Chū chāi', 'Business Trip', 331, '', 1),
(385, 25, '哪里', 'Nǎ lǐ', 'where', 1, '', 1),
(386, 7, '家', 'Jiā', 'measure word (place)', 1, '', 1),
(387, 7, '所', 'Suǒ', 'measure word (school)', 1, '', 1),
(388, 29, '项目周', 'xiàng mù zhōu', 'Project Week', 333, '', 1),
(389, 29, '周', 'Zhōu', 'Week', 1, '', 1),
(390, 29, '周末', 'zhōumò', 'weekend', 1, '', 1),
(391, 29, '月末', 'Yuè mò', 'end of month', 1, '', 1),
(392, 25, '什么时候', 'Shén me shí hòu', 'at what time', 1, '', 1),
(393, 25, '去了哪', 'Qù le nǎ', 'where did you go to', 1, '', 1),
(394, 25, '怎么去', 'Zěn me qù', 'how do you go to', 1, '', 1),
(395, 25, '怎么样', 'zěn me yàng', 'how do you find', 1, '', 1),
(396, 29, '玩游戏', 'Wán yóu xì', 'play games', 334, '', 1),
(397, 29, '游戏机', 'Yóuxì jī', 'Arcade', 335, '', 1),
(398, 29, '聊天', 'liáo tiān', 'to chat', 336, '', 1),
(399, 29, '已经', 'Yǐ jīng', 'already', 1, '', 1),
(400, 29, '看来', 'Kàn lái', 'it seems', 1, '', 1),
(401, 29, '才', 'Cái', 'can finally', 1, 'It means that since a condition is met, somebody can finally do something.', 1),
(402, 29, '给', 'Gěi', 'give', 337, '', 1),
(403, 29, '古筝', 'ɡǔzhēnɡ', 'Chinese Zither', 338, 'Guzheng is a Chinese plucked string instrument with a more than 2,500-year history. The modern guzheng commonly has 21 strings, is 64 inches (1.6 m) long, and is tuned in a major pentatonic scale. ', 1),
(404, 6, '看', 'Kàn', 'to look', 339, '', 1),
(405, 6, '唱', 'Chàng', 'to sing', 340, '', 1),
(406, 6, '吃', 'Chī', 'to eat', 341, '', 1),
(407, 6, '听', 'tīng', 'to listen', 342, '', 1),
(408, 6, '写', 'xiě', 'to write', 343, '', 1),
(409, 6, '弹', 'tán', 'to play musical instrument', 345, '弹 is for playing instruments like guitar or piano, not for the ones which you have to use a bow (eg. violin, erhu)', 1),
(410, 6, '画', 'Huà', 'to paint', 346, '', 1),
(411, 6, '跳', 'Tiào', 'to jump', 347, '', 1),
(412, 6, '跑', 'Pǎo', 'to run', 349, '', 1),
(413, 6, '爱好', 'Ài hào', 'hobby', 350, '', 1),
(414, 6, '看书', 'kàn shū', 'to read', 351, '', 1),
(415, 6, '看电视', 'kàn diàn shì', 'to watch TV', 352, '', 1),
(416, 6, '看电影', 'kàn diàn yǐng', 'to watch films', 353, '', 1),
(417, 6, '唱歌', 'chàng gē', 'to sing', 354, '', 1),
(418, 6, '跳舞', 'tiào wǔ', 'to dance', 355, '', 1),
(419, 6, '听音乐', 'Tīng yīn yuè', 'to listen to music', 356, '', 1),
(420, 6, '画画', 'huà huà', 'to paint picture', 357, '画 means both picture and the verb - to paint.', 1),
(421, 6, '戏剧', 'xì jù', 'drama', 358, '', 1),
(422, 6, '摄影', 'Shè yǐng', 'photography', 359, '', 1),
(423, 6, '弹吉他', 'tán jí tā', 'playing the guitar', 360, '', 1),
(424, 6, '除了以外', 'Chú le Yǐ wài', 'apart from...what else', 1, 'This is one of the sentence structures which can be use to say things like &quot;Apart from Kung Fu movies, I also like Science Fiction movies&quot;', 1),
(425, 6, '还', 'Hái', 'also', 1, '', 1),
(426, 6, '更', 'Gèng', 'prefer', 1, '', 1),
(427, 6, '感兴趣', 'Gǎn xìng qù', 'interested in', 1, '', 1),
(428, 6, '功夫', 'Gōng fū', 'Kung Fu', 361, '', 1),
(429, 6, '爱情', 'Ài qíng', 'Romance', 362, '', 1),
(430, 6, '科幻', 'Kē huàn', 'Science fiction', 363, '', 1),
(431, 6, '小说', 'Xiǎo shuō', 'fiction', 364, '', 1),
(432, 6, '新闻', 'xīn wén', 'news', 365, '', 1),
(433, 6, '电视剧', 'Diàn shì jù', 'TV series', 366, '', 1),
(434, 6, '古典音乐', 'gǔ diǎn yīn yuè', 'classical music', 367, '', 1),
(435, 6, '流行音乐', 'liú xíng yīn yuè', 'pop music', 368, '', 1),
(436, 6, '摇滚乐', 'Yáo gǔn yuè', 'rock music', 369, '', 1),
(437, 6, '爵士乐', 'Jué shì yuè', 'Jazz', 370, '', 1),
(438, 6, '乡村音乐', 'Xiāng cūn yīn yuè', 'country music', 371, '', 1),
(439, 6, '朋克音乐', 'Péng kè yīn yuè', 'punk rock', 372, '', 1),
(440, 6, '嘻哈音乐', 'Xī hā yīn yuè', 'Hip hop music', 373, '', 1),
(441, 6, '乐器', 'yuè qì', 'musical instrument', 374, '', 1),
(442, 6, '拉', 'Lā', 'play bowed string instrument', 375, '', 1),
(443, 6, '吉他', 'Jítā', 'Guitar', 376, '', 1),
(444, 6, '钢琴', 'Gāng qín', 'Piano', 377, '', 1),
(445, 6, '二胡', 'Èr hú', 'Erhu', 378, 'Erhu is a two-stringed bowed Chinese traditional musical instrument.', 1),
(446, 6, '小提琴', 'Xiǎo tí qín', 'Violin', 379, '', 1),
(447, 6, '民歌', 'Míngē', 'folk music', 380, '', 1),
(448, 6, '芭蕾舞', 'Bā lěi wǔ', 'ballet', 381, '', 1),
(449, 6, '拉丁舞', 'Lā dīng wǔ', 'Latin Dance', 382, '', 1),
(450, 6, '街舞', 'Jiē wǔ', 'Street Dance', 383, '', 1),
(451, 6, '民族舞', 'Mín zú wǔ', 'National Dance', 384, '', 1),
(452, 6, '油画', 'Yóu huà', 'Oil painting', 385, '', 1),
(453, 6, '国画', 'Guó huà', 'Chinese Painting', 386, '', 1),
(454, 6, '沙画', 'Shā huà', 'Sandpainting', 387, '', 1),
(455, 6, '特别', 'Tè bié', 'particularly', 1, '', 1),
(456, 6, '完以后', 'Wán...Yǐhòu', 'after finishing...', 1, '', 1),
(457, 6, '音乐会', 'yīn yuè huì', 'concert', 388, '', 1),
(458, 6, '图书馆', 'tú shū guǎn', 'library', 389, '', 1),
(459, 6, '电影院', 'diàn yǐng yuàn', 'cinema', 390, '', 1),
(460, 6, '舞场', 'wǔ chǎng', 'dance hall', 391, '', 1),
(461, 6, '音乐厅', 'yīn yuè tīng', 'music hall', 392, '', 1),
(462, 6, '跑步', 'pǎo bù', 'jogging', 393, '', 1),
(463, 6, '游泳', 'yóu yǒng', 'swimming', 394, '', 1),
(464, 6, '骑马', 'Qí mǎ', 'Horse riding', 395, '', 1),
(465, 6, '滑冰', 'huá bīng', 'Ice skating', 396, '', 1),
(466, 6, '滑雪', 'huá xuě', 'skiing', 397, '', 1),
(467, 6, '打篮球', 'Dǎ lán qiú', 'basketball', 398, '', 1),
(468, 6, '打网球', 'Dǎ wǎng qiú', 'tennis', 399, '', 1),
(469, 6, '打乒乓球', 'dǎ pīng pāng qiú', 'table tennis', 400, '', 1),
(470, 6, '打羽毛球', 'dǎ yǔ máo qiú', 'badminton', 401, '', 1),
(471, 6, '踢足球', 'Tī zú qiú', 'football', 402, '', 1),
(472, 28, '昨天', 'zuó tiān', 'yesterday', 1, '', 1),
(473, 28, '今天', 'jīn tiān', 'today', 1, '', 1),
(474, 28, '明天', 'míng tiān', 'tomorrow', 1, '明 in 明天 is a combination of the sun (日）and the moon (月). When the sun and moon shines together, they are brighter. This means tomorrow is always brighter!', 1),
(475, 28, '上个星期', 'Shàng gè xīng qí', 'last week', 1, '', 1),
(476, 28, '这个星期', 'Zhè ge xīng qí', 'this week', 1, '', 1),
(477, 28, '下个星期', 'Xià gè xīng qí', 'next week', 1, '', 1),
(478, 28, '上个月', 'Shàng gè yuè', 'last month', 1, '', 1),
(479, 28, '这个月', 'Zhège yuè', 'this month', 1, '', 1),
(480, 28, '下个月', 'Xià gè yuè', 'next month', 1, '', 1),
(481, 28, '去年', 'Qù nián', 'last year', 1, '', 1),
(482, 28, '今年', 'Jīn nián', 'this year', 1, '', 1),
(483, 28, '明年', 'Míng nián', 'next year', 1, '', 1),
(484, 12, '天气', 'tiān qì', 'weather', 403, '', 1),
(485, 12, '晴天', 'Qíng tiān', 'sunny', 404, '', 1),
(486, 12, '太阳', 'tài yánɡ', 'sun', 405, '', 1),
(487, 12, '阴天', 'yīn tiān', 'cloudy', 406, '', 1),
(488, 12, '多云', 'duō yún', 'partly cloudy', 407, '', 1),
(489, 12, '转', 'zhuǎn', 'turn', 1, '', 1),
(490, 12, '风', 'fēng', 'wind', 408, '', 1),
(491, 12, '雨', 'yǔ', 'Rain', 409, '', 1),
(492, 12, '雪', 'xuě', 'Snow', 410, '', 1),
(493, 12, '小风', 'Xiǎo fēng', 'Breeze', 411, '', 1),
(494, 12, '大风', 'Dà fēng', 'strong wind', 412, '', 1),
(495, 12, '台风', 'Tái fēng', 'Typhoon', 413, '', 1),
(496, 12, '刮台风', 'Guā', 'blow', 414, '', 1),
(497, 12, '小雪', 'Xiǎo xuě', 'Light Snow', 415, '', 1),
(498, 12, '大雪', 'Dà xuě', 'Heavy Snow', 416, '', 1),
(499, 12, '小雨', 'Xiǎo yǔ', 'Light Rain', 417, '', 1),
(500, 12, '大雨', 'Dà yǔ', 'Heavy Rain', 418, '', 1),
(501, 12, '毛毛雨', 'máo mao yǔ', 'Drizzle', 419, '', 1),
(502, 12, '雷雨', 'léi yǔ', 'Thunderstorm', 420, '', 1),
(503, 12, '冰雹', 'bīng báo', 'Hail', 421, '', 1),
(504, 12, '雾', 'wù', 'Fog', 422, '', 1),
(505, 12, '全球变暖', 'quán qiú biàn nuǎn', 'Global Warming', 423, '', 1),
(506, 12, '气温', 'qì wēn', 'temperature', 424, '', 1),
(507, 12, '度', 'dù', 'degree', 425, '', 1),
(508, 12, '春天', 'chūn tiān', 'spring', 426, '', 1),
(509, 12, '夏天', 'xià tiān', 'summer', 427, '', 1),
(510, 12, '秋天', 'qiū tiān', 'autumn', 428, '', 1),
(511, 12, '冬天', 'dōnɡ tiān', 'winter', 429, '', 1),
(512, 12, '雨季', 'yǔ jì', 'rainy season', 430, '', 1),
(513, 12, '暖和', 'nuǎn huó', 'warm', 431, '', 1),
(514, 12, '热', 'rè', 'hot', 432, '', 1),
(515, 12, '凉快', 'liáng kuai', 'cool', 433, '', 1),
(516, 12, '冷', 'lěng', 'cold', 434, '', 1),
(517, 12, '应该', 'yīnɡ ɡāi', 'should', 1, '', 1),
(518, 12, '季节', 'jì jié', 'season', 435, '', 1),
(519, 12, '左右', 'zuǒ yòu', 'around', 1, 'Literally, it means left and right ', 1),
(520, 12, '越来越', 'yuè lái yuè', 'more and more', 1, '', 1),
(521, 12, '地球', 'dì qiú', 'earth', 436, '', 1),
(522, 12, '北半球', 'běi bàn qiú', 'Northern Hemisphere', 437, '', 1),
(523, 12, '南半球', 'nán bàn qiú', 'Southern Hemisphere', 438, '', 1),
(524, 12, '干', 'ɡān', 'dry', 439, '', 1),
(525, 12, '潮', 'Cháo', 'humid', 440, '', 1),
(526, 13, '生肖', 'shēnɡ xiào', 'Chinese zodiac signs', 441, '', 1),
(527, 13, '习俗', 'xí sú', 'Traditions', 1, '', 1),
(528, 13, '饺子', 'jiǎo zi', 'Chinese dumpling', 442, '', 1),
(529, 13, '年糕', 'niánɡāo', 'rice cake', 443, '', 1),
(530, 13, '鱼', 'yú', 'fish', 444, '', 1),
(531, 13, '新年快乐', 'Xīn nián kuài lè', 'Happy New Year!', 445, '', 1),
(532, 13, '万事如意', 'wàn shì rú yì', 'May you have all that you desire!', 1, '', 1),
(533, 13, '岁岁平安', 'Suì suì píng ān', 'May you be always peaceful', 1, '', 1),
(534, 13, '大吉大利', 'Dà jí dà lì', 'good luck and great prosperity', 1, '', 1),
(535, 13, '恭喜发财', 'Gōng xǐ fā cái', 'May you have a prosperous New Year!', 1, '', 1),
(536, 13, '拜年', 'bài nián', 'visit the relatives', 446, '', 1),
(537, 13, '压岁钱', 'yā suì qián', 'money gift', 447, 'money given to children as a lunar New Year gift', 1),
(538, 13, '放爆竹', 'fàng bào zhú', 'Firecracker', 448, '', 1),
(539, 13, '贴窗花', 'Tiē chuāng huā', 'Paper cutting', 449, '', 1),
(540, 13, '贴春联', 'Tiē chūn lián', ' Couplets', 450, 'The Chinese couplet refers to two complementary poetic lines adhering to certain rules, often written on red paper or carved on wooden uprights for appreciation', 1),
(541, 14, '中秋节', 'Zhōnɡ qiū jié', 'Mid Autumn Festival', 451, '', 1),
(542, 14, '月饼', 'yuè binɡ', 'Moon cake', 452, '', 1),
(543, 14, '月亮', 'yuè lianɡ', 'Moon', 453, '', 1),
(544, 14, '灯展', 'Dēng zhǎn', 'Light show', 454, '', 1),
(545, 29, '网应用', 'Wǎng yìng yòng', 'Web Application', 455, '', 1),
(546, 29, '发明', 'Fā míng', 'invent', 456, '', 1),
(547, 29, '伞', 'sǎn', 'umbrella', 457, '', 1),
(548, 30, '本人', 'Běn rén', 'I/myself (formal)', 458, '本人 is a formal way of saying \'I or my\' - such as in resume or CVs. 我 is a more casual expression.', 2),
(549, 30, '名人', 'Míng rén', 'Celebrity', 459, 'It literally means \'name person\'', 2),
(550, 30, '本地', 'Běn dì', 'local', 1, '本地 is used as in 我是本地人 - \'I am a local here\'', 2),
(551, 32, '认真', 'Rèn zhēn', 'conscientious (serious)', 460, 'In other words, it means wishing to do one\'s work or duty well and thoroughly.', 2),
(552, 32, '亲切', 'Qīn qiè', 'Kind', 461, '', 2),
(553, 32, '友好', 'Yǒu hǎo', 'friendly', 462, '', 2),
(554, 32, '有耐心', 'Yǒu nài xīn', 'patient', 464, '', 2),
(555, 32, '内向', 'Nèi xiàng', 'Introvert', 465, '', 2),
(556, 32, '外向', 'Wài xiàng', 'Outgoing', 466, '', 2),
(557, 32, '热情', 'Rè qíng', 'enthusiastic', 471, '', 2),
(558, 32, '有礼貌', 'Yǒu lǐ mào', 'polite', 472, '', 2),
(559, 32, '小气', 'Xiǎo qì', 'stingy', 473, '', 2),
(560, 32, '脾气好', 'Pí qì hǎo', 'Good tempered', 474, '', 2),
(561, 32, '脾气坏', 'Pí qì huài', 'Bad tempered', 475, '', 2),
(562, 32, '独立', 'Dú lì', 'independent', 476, '', 2),
(563, 29, '幼稚', 'Yòu zhì', 'naive', 477, '', 2),
(565, 29, '谦虚', 'Qiān xū', 'Humble', 479, '', 2),
(566, 29, '值得信任', 'Zhí dé xìn rèn', 'trustworthy', 1, '', 2),
(567, 29, '忠诚', 'Zhōng chéng', 'loyalty', 480, '', 2),
(568, 30, '觉得', 'Jué dé', 'feel', 1, 'Used when talking about others to avoid judgement, as in 我觉得她很谦虚 (I think she is very humble)。', 2),
(569, 29, '全才', 'quán cái', 'All-rounder', 481, '', 2),
(570, 30, '自己', 'Zì jǐ', 'Oneself', 482, '她自己 means herself, 他自己 means himself.', 2),
(571, 27, '它', 'Tā', 'It', 1, '', 1),
(572, 9, '地理', 'Dì lǐ', 'Geography', 483, '地 means ground/floor/earth', 2),
(573, 9, '数学', 'Shù xué', 'Mathematics', 484, '', 2),
(574, 9, '生物', 'Shēng wù', 'Biology', 485, '', 2),
(575, 9, '化学', 'Huà xué', 'Chemistry', 486, '', 2),
(576, 9, '物理', 'Wù lǐ', 'Physics', 487, '', 2),
(577, 9, '历史', 'Lì shǐ', ' History', 488, '', 2),
(578, 9, '经济', 'Jīng jì', 'Economics', 489, '', 2),
(579, 9, '美术', 'Měi shù', 'Visual Arts', 490, 'Note that 美术 is a more mature word for 画画 (which is a three-years-old kid expression).', 2),
(580, 9, '音乐', 'Yīn yuè', 'Music', 491, '', 2),
(581, 9, '政治', 'Zhèng zhì', 'Politics', 492, '', 2),
(582, 9, '电脑', 'Diàn nǎo', 'Computer', 493, 'It literally means \'electronic brain\'', 2),
(583, 9, '科学', 'Kē xué', 'Science', 494, '', 2),
(584, 9, '法律', 'Fǎ lǜ', 'Law', 495, '', 2),
(585, 9, '外语', 'Wài yǔ', 'Foreign Language', 496, '', 2),
(586, 9, '课程表', 'Kè chéng biǎo', 'Class Schedule (Timetable)', 497, '', 2),
(587, 9, '信息技术', 'Xìn xī jì shù', 'Information Technology (IT)', 498, '', 2),
(588, 9, '容易', 'Róng yì', 'Easy', 499, '', 2),
(589, 9, '难', 'Nán', 'Difficult', 500, '', 2),
(590, 9, '有趣', 'Yǒu qù', 'Interesting', 501, '', 2),
(591, 9, '有意思', 'Yǒu yì si', 'interesting', 503, '', 2),
(592, 9, '无聊', 'Wú liáo', 'Boring', 504, '', 2),
(593, 32, '有热情', 'Yǒu rè qíng', ' Passionate', 505, '', 2),
(594, 9, '有热情', 'Yǒu rè qíng', ' Passionate', 506, '', 2),
(595, 9, '寄宿学校', 'Jì sù xué xiào', 'Boarding School', 507, '', 2),
(596, 9, '语法', 'Yǔ fǎ', 'grammar', 508, '语 = language ， 法= law, literally means the law of the language', 2),
(597, 9, '商业管理', 'Shāng yè guǎn lǐ', 'Business Management', 509, '', 2),
(598, 9, '戏剧', 'Xì jù', 'Drama', 510, '', 2),
(599, 9, '知识论', 'Zhī shì lùn', 'Theory of Knowledge', 511, '', 2),
(600, 31, '个', 'Gè', 'Measure word for numbers', 1, '', 1),
(601, 31, '家', 'Jiā', 'Measure word for general places', 1, '', 1),
(602, 31, '所', 'Suǒ', 'Measure word for school', 1, '', 1),
(603, 31, '位', 'Wèi', 'Measure word for people (respectful)', 1, '', 1),
(604, 31, '口', 'Kǒu', 'Measure word for people', 1, 'Used for family members', 1),
(605, 31, '门', 'Mén', 'Measure word for subjects', 1, '你今年有几门课？means how many subjects are you taking. 门 literally means door, but it wants to refer to an area of knowledge.', 2),
(606, 31, '节', 'Jié', 'Measure word for time period (eg. classes)', 1, '', 2),
(607, 31, '些', 'Xiē', 'Measure word for plural form', 1, 'Adding 些 changes a word to plural form : eg. 哪些老师？(Which teachers?)', 2),
(608, 6, '高尔夫球', 'Gāo ěr fū qiú', 'Golf', 512, '', 2),
(609, 28, '前天', 'Qián tiān', 'the day before yesterday', 1, '', 2),
(610, 28, '后天', 'Hòu tiān', 'the day after tomorrow', 1, '', 2),
(611, 28, '三天前以', 'Sān tiān qián yǐ', 'Three days ago', 1, '', 2),
(612, 28, '三天以后', 'Sān tiān yǐ hòu', 'Three days later', 1, '', 2),
(613, 29, '茉莉花', 'Mò lì huā', 'Jasmine', 513, '', 1),
(614, 29, '香片', 'Xiāng piàn', 'Scented Tea', 514, '', 2),
(615, 33, '香港李宝椿联合世界书院', 'Xiāng gǎng lǐ bǎo chūn lián hé shì jiè shū yuàn', 'Li Po Chun United World College of Hong Kong', 515, '', 2),
(616, 30, '文化', 'Wén huà', 'Culture', 516, '', 2),
(617, 30, '室友', 'Shì yǒu', 'Roommate', 517, '', 2),
(618, 33, '学长', 'Xué zhǎng', 'Seniors (second years of you)', 518, '', 2),
(619, 33, '全才', 'Quán cái', 'All-rounder', 519, '', 2),
(620, 33, '队', 'Duì', 'Team', 520, '', 2),
(621, 33, '队长', 'Duì zhǎng', 'Team Leader (QC Leader)', 521, '', 2),
(622, 33, '校长', 'Xiào zhǎng', 'principal', 522, '', 2),
(623, 33, '队员', 'Duì yuán', 'Team Member', 523, '', 2),
(624, 33, '学生会', 'Xué shēng huì', 'SCC', 524, 'SCC means Student Consultative Committee', 2),
(625, 33, '和平小组', 'Hé píng xiǎo zǔ', 'Initiative for Peace', 525, '', 2),
(626, 33, '青年创业小组', 'Qīng nián chuàng yè xiǎo zǔ', 'Social Innovation Network Group', 526, '', 2),
(627, 33, '学校画册', 'Xué xiào huà cè', 'Year Book', 527, '', 2),
(628, 33, '机器人小组', 'Jī qì rén xiǎo zǔ', 'Soft Robotics', 528, '', 2),
(629, 33, '急救队', 'Jí jiù duì', 'First Aid', 529, '', 2),
(630, 33, '校报', 'Xiào bào', 'Bao Zi (School Newspaper)', 530, '', 2),
(631, 33, '手语', 'Shǒu yǔ', 'Signs', 531, '', 2),
(632, 33, '舞龙队', 'Wǔ lóng duì', 'Dragon Dance Team', 532, '', 2),
(633, 33, '舞狮队', 'Wǔ shī duì', 'Lion Dance Team', 533, '', 2),
(634, 33, '珊瑚保育', 'Shān hú bǎo yù', 'Coral Monitoring', 534, '', 2),
(635, 33, '中国舞', 'Zhōng guó wǔ', 'Chinese Dance', 535, '', 2),
(636, 20, '图书馆', 'Tú shū guǎn', 'Library', 538, '书 means book.', 2),
(637, 20, '食堂', 'Shí táng', 'canteen', 539, 'You can also use 餐厅 (Cān tīng) for canteen.', 2),
(638, 20, '餐厅', 'Cān tīng', 'Canteen', 540, 'You can also use 食堂 (Shí táng) for canteen.', 2),
(639, 20, '礼堂', 'Lǐ táng', 'Assembly Hall', 542, '', 2),
(640, 29, '游泳池', 'Yóu yǒng chí', 'swimming pool', 543, '', 2),
(641, 20, '实验室', 'Shí yàn shì', 'laboratory', 544, '', 2),
(642, 20, '体育馆', 'Tǐ yù guǎn', 'Sports Hall', 546, '', 2),
(643, 20, '教学楼', 'Jiào xué lóu', 'Academic Building', 547, '', 2),
(644, 20, '宿舍', 'Sù shè', 'dormitory', 548, '', 2),
(645, 20, '健身房', 'Jiàn shēn fáng', 'Gym', 549, '', 2),
(646, 20, '校长室', 'Xiào zhǎng shì', 'Principal\'s office', 1, '', 2),
(647, 20, '医务室', 'Yī wù shì', 'Clinic', 550, '', 2),
(648, 20, '小卖部', 'Xiǎo mài bù', 'Tuck Shop', 551, 'This is a small shop where you buy stuff.', 2),
(649, 20, '停车场', 'Tíng chē chǎng', 'Car Park', 552, '停 = stop, 车 = vehicle, 场 = open space', 2),
(650, 20, '办公室', 'Bàn gōng shì', 'Office', 1, '', 2),
(651, 20, '教室', 'Jiào shì', 'Classroom', 553, '课堂 (Kè táng) also means classroom.', 2),
(652, 20, '课堂', 'Kè táng', 'Classroom', 558, '', 2),
(653, 20, '后门', 'Hòu mén', 'Back Gate', 1, '', 2),
(654, 29, '正门', 'Zhèng mén', 'Main Gate', 560, '', 2),
(655, 20, '正门', 'Zhèng mén', 'Main Gate', 561, '', 2),
(656, 20, '篮球场', 'Lán qiú chǎng', 'Basketball court', 562, '', 2),
(657, 20, '足球场', 'Zú qiú chǎng', 'Football field', 563, '', 2),
(658, 20, '更衣室', 'Gēng yī shì', 'Changing Room', 564, '', 2),
(659, 20, '洗手间', 'Xǐ shǒu jiān', 'Washroom', 565, '', 2),
(660, 20, '壁球场', 'Bì qiú chǎng', 'Squash court', 566, '', 2),
(661, 20, '室内', 'Shì nèi', 'Indoor', 1, 'Add 室内 in front of the facility to say that it is indoor - e.g. 室内篮球场 （Indoor basketball court)', 2),
(662, 20, '室外', 'Shì wài', 'Outdoor', 1, 'Add 室外 in front of the facility to say that it is outdoor - e.g. 室外篮球场 （Outdoor basketball court)', 2),
(663, 20, '院子', 'Yuàn zi', 'Courtyard', 567, '', 2),
(664, 20, '座', 'Zuò', 'Block', 568, 'Literally 座 means ‘seat\'. But in this context, it also refers to buildings. Thus Block 1 is 一座。 ', 2),
(666, 33, '音乐晚会', 'Yīn yuè wǎn huì', 'Music Night', 569, '', 2),
(667, 33, '文化晚会', 'Wén huà wǎn huì', 'Cultural Evening', 570, '中国文化晚会 = Chinese Cultural Evening', 2),
(668, 30, '买', 'Mǎi', 'Buy', 571, '', 2),
(669, 30, '卖', 'Mài', 'Sell', 572, '', 2),
(670, 30, '买卖人', 'Mǎi mài rén', 'business man', 1, 'Usually for smaller businesses. Caution - 人口买卖 means human trafficking.', 2),
(671, 34, '上面', 'Shàng miàn', 'Above', 573, '', 2),
(672, 34, '下面', 'Xià miàn', 'Below', 574, '', 2),
(673, 34, '左面', 'Zuǒ miàn', 'left', 575, '', 2),
(674, 34, '右面', 'Yòu miàn', 'right', 576, '', 2),
(675, 34, '前面', 'Qián miàn', 'Front', 577, '', 2),
(676, 34, '后面', 'Hòu miàn', 'Behind', 578, '', 2),
(677, 34, '里面', 'Lǐ miàn', 'Inside', 579, '', 2),
(678, 34, '外面', 'Wài miàn', 'outside', 580, '', 2),
(679, 34, '对面', 'Duì miàn', 'opposite', 581, '', 2),
(680, 34, '旁边', 'Páng biān', 'next to', 582, '', 2),
(681, 34, '隔壁', 'Gé bì', 'Next Door', 583, '', 2),
(682, 34, '附近', 'Fù jìn', 'nearby', 584, '', 2),
(683, 20, '一层', 'Yī céng', 'First Floor', 1, '', 2),
(684, 34, '楼上', 'Lóu shàng', 'upstairs', 585, '', 2),
(685, 34, '楼下', 'Lóu xià', 'Downstairs', 586, '', 2),
(686, 9, '专业', 'Zhuān yè', 'University Major', 587, '', 2),
(687, 9, '医科', 'Yī kē', 'Medicine Major', 588, '', 2),
(688, 9, '商科', 'Shāng kē', 'Business Major', 589, '', 2),
(689, 9, '文科', 'Wén kē', 'liberal arts', 590, '', 2),
(690, 9, '理科', 'Lǐ kē', 'Science Major', 591, '', 2),
(691, 34, '中间', 'Zhōng jiān', 'Between', 592, '', 2),
(692, 34, '离', 'Lí', 'From', 1, '', 2),
(693, 34, '远', 'Yuǎn', 'Far', 593, '', 2),
(694, 34, '近', 'Jìn', 'Near', 594, '', 2),
(695, 4, '非洲', 'Fēi zhōu', 'Africa', 595, '', 2),
(696, 9, '名校', 'Míng xiào', 'Prestigious schools', 596, '', 2),
(697, 9, '课外活动', 'Kè wài huó dòng', 'Extracurricular activities', 1, '', 2),
(698, 30, '休息', 'Xiū xí', 'Rest', 597, '', 2),
(699, 30, '次', 'Cì', 'Times', 1, '一次 = once, 两次 = twice, 下次 = next time, 上次 = last time ', 2),
(700, 20, '走读学校', 'Zǒu dú xué xiào', 'Day School', 1, '', 2),
(701, 30, '欢迎', 'Huān yíng', 'Welcome', 1, '', 2),
(702, 30, '总之', 'Zǒng zhī', 'In short', 1, 'You can attach a sentence after 总之 to conclude paragraphs.', 2),
(703, 29, '环境', 'Huán jìng', 'Environment', 598, '', 2),
(704, 20, '环境', 'Huán jìng', 'Environment', 599, 'In this context, it refers to the school environment. 学校的环境', 2),
(705, 30, '为', 'Wèi', 'for', 1, 'Example: 奶奶为我做晚饭。', 2),
(706, 30, '新', 'Xīn', 'new', 600, '', 2),
(707, 9, '提供', 'Tí gōng', 'Offer', 601, 'In this context, 提供 is used to speak about what subjects are offered by the school.', 2),
(708, 32, '努力', 'Nǔ lì', 'Hard Working', 602, '', 2),
(709, 9, '测验', 'Cè yàn', 'Test', 603, '', 2),
(710, 9, '考试', 'Kǎo shì', 'Examination', 604, '', 2),
(711, 9, '复习', 'Fù xí', 'Revise', 605, '', 2),
(712, 9, '成绩', 'Chéng jī', 'Grade', 606, '', 2),
(713, 30, '怕', 'Pà', 'afraid', 607, '', 2),
(714, 9, '满分', 'Mǎn fēn', 'Full marks', 610, '', 2),
(715, 9, '刚及格', 'Gāng jígé', 'Just Pass', 609, '', 2),
(716, 9, '不及格', 'Bù jí gé', 'fail', 611, '', 2),
(717, 30, '开心', 'Kāi xīn', 'Happy', 612, '', 2),
(718, 29, '难过', 'Nán guò', 'Sad', 613, '', 2),
(719, 33, '項目周', 'Xiàng mù zhōu', 'Project Week', 615, '', 2),
(720, 33, '中国周', 'Zhōng guó zhōu', 'China Week', 616, '', 2),
(721, 33, '创造', 'Chuàng zào', 'Creativity', 617, '', 2),
(722, 33, '活动', 'Huó dòng', 'Activity', 618, '', 2),
(723, 33, '服务', 'Fú wù', 'Service', 619, '', 2),
(724, 29, '教练', 'Jiào liàn', 'coach', 620, '', 2),
(725, 30, '比赛', 'Bǐ sài', 'Competition', 621, '', 2),
(726, 30, '梦', 'Mèng', 'Dream', 622, '', 2),
(727, 7, '梦想', 'Mèng xiǎng', 'Dream (ambition)', 623, '梦 alone means to dream in sleep.', 2),
(728, 30, '年轻人', 'Nián qīng rén', 'Young people', 624, '', 2),
(729, 7, '找工作', 'Zhǎo gōng zuò', 'to look for a job', 625, '', 2),
(730, 9, '计算机科学', 'Jì suàn jī kē xué', 'Computer Science', 626, '', 2),
(731, 7, '简历', 'Jiǎn lì', 'Curriculum Vitae (CV)', 627, '', 2),
(732, 16, '黄瓜', 'Huáng guā', 'cucumber', 631, 'It literally means - yellow melon - because of the yellow flower it has.', 2),
(733, 16, '饮料', 'Yǐn liào', 'Beverage', 629, 'You can also say 喝的 (Hē de) instead.', 2),
(734, 16, '食物', 'Shí wù', 'Food', 630, 'You can also say 吃的 (Chī de) instead.', 2),
(735, 16, '水果', 'Shuǐ guǒ', 'Fruit', 632, '水果 refers to the fruit from the tree. To refer to the process of bearing fruit, use 果实 instead. Both translates to -fruit- in English.', 2),
(736, 16, '蔬菜', 'Shū cài', 'Vegetables', 633, '', 2),
(737, 16, '猕猴桃', 'mí hóu táo', 'Kiwi', 634, '', 2),
(738, 16, '西瓜', 'xī guā', 'watermelon', 635, '', 2),
(739, 16, '李子', 'lǐ zǐ', 'Plum', 636, '', 2),
(740, 16, '苹果', 'Píng guǒ', 'apple', 637, '', 2),
(741, 16, '菠萝', 'Bō luó', 'pineapple', 638, '', 2),
(742, 16, '梨', 'Lí', 'pear', 639, '', 2),
(743, 16, '草莓', 'Cǎo méi', 'Strawberry', 640, '', 2),
(744, 16, '红莓', 'Hóng méi', 'Raspberry', 641, '', 2),
(745, 16, '葡萄', 'Pú táo', 'Grape', 642, '', 2),
(746, 16, '桃', 'Táo', 'Peach', 643, '', 2),
(747, 16, '香蕉', 'Xiāng jiāo', 'Banana', 644, '', 2),
(748, 16, '西红柿', 'Xī hóng shì', 'Tomato', 645, '', 2),
(749, 16, '南瓜', 'Nán guā', 'pumpkin', 646, '', 2),
(750, 16, '冬瓜', 'Dōng guā', 'Winter melon', 647, '', 2),
(751, 16, '胡萝卜', 'Hú luó bo', 'Carrot', 648, '', 2),
(752, 16, '土豆', 'Tǔ dòu', 'potato', 649, '', 2),
(753, 16, '白萝卜', 'Bái luó bo', 'White radish', 650, '', 2),
(754, 16, '四季豆', 'Sì jì dòu', 'Green beans', 651, '', 2),
(755, 16, '肉', 'Ròu', 'Meat', 652, '', 2),
(756, 16, '海鲜', 'Hǎi xiān', 'Seafood', 653, '', 2),
(757, 16, '牛肉', 'Niú ròu', 'Beef', 654, '', 2),
(758, 16, '羊肉', 'Yáng ròu', 'Lamb', 655, '', 2),
(759, 16, '猪肉', 'Zhū ròu', 'Pork', 656, '', 2),
(760, 16, '鸡肉', 'Jī ròu', 'chicken', 657, '', 2),
(761, 16, '鸭肉', 'Yā ròu', 'duck', 658, '', 2),
(762, 16, '鱼', 'Yú', 'Fish', 659, '', 2),
(763, 16, '虾', 'Xiā', 'Shrimp', 660, '', 2),
(764, 16, '蟹', 'Xiè', 'Crab', 661, '', 2),
(765, 16, '好吃', 'Hào chī', 'Delicious (food)', 662, '', 2),
(766, 16, '好喝', 'Hǎo hē', 'Delicious (drink)', 663, '', 2),
(767, 16, '健康', 'Jiàn kāng', 'Healthy', 664, '', 2),
(768, 16, '多汁', 'Duō zhī', 'Juicy', 665, '', 2);
INSERT INTO `HANZI` (`hanzi_id`, `topic_id`, `word`, `pinyin`, `meaning`, `img_id`, `fact`, `year`) VALUES
(769, 16, '刺', 'Cì', 'Bone (small, sharp)', 666, '刺 literally means thorn. It also means bones which are thin and small (fishbones). For bigger bones, use 骨头。', 2),
(770, 16, '骨头', 'Gǔ tou', 'Bone (large)', 667, 'For smaller bones which are pointy (such as fishbones), use 刺 instead.', 2),
(771, 16, '酒', 'Jiǔ', 'Alcohol', 668, '', 2),
(772, 16, '白酒', 'Bái jiǔ', 'White Wine', 669, '', 2),
(773, 16, '红酒', 'Hóng jiǔ', 'Red Wine', 670, '', 2),
(774, 16, '啤酒', 'Pí jiǔ', 'Beer', 671, '', 2),
(775, 16, '汤面', 'Tāng miàn', 'Soup Noodle', 672, '', 2),
(776, 16, '自助餐', 'Zì zhù cān', 'Buffet', 673, '', 2),
(777, 16, '选择', 'Xuǎn zé', 'Choices', 674, '', 2),
(778, 16, '火锅', 'Huǒ guō', 'Hot Pot', 675, '', 2),
(779, 16, '少', 'Shǎo', 'a little', 676, '', 2),
(780, 16, '可口可乐', 'Kě kǒu kě lè', 'Coca Cola', 677, 'Phonetic Translation. 可口 - means delicious, 可乐 - means happy', 2),
(781, 16, '珍珠奶茶', 'Zhēn zhū nǎi chá', 'Bubble Tea', 678, '', 2),
(782, 29, '珍珠港', 'Zhēn zhū gǎng', 'Pearl Harbor', 679, '', 2),
(783, 16, '酱', 'Jiàng', 'Sauce', 680, '', 2),
(784, 16, '花生酱', 'Huā shēng jiàng', 'peanut butter', 681, '', 2),
(785, 16, '果酱', 'Guǒ jiàng', 'jam', 682, '', 2),
(786, 16, '鱼子酱', 'Yú zǐ jiàng', 'Caviar (Fish roe)', 683, '', 2),
(787, 16, '芝士', 'Zhī shì', 'Cheese', 684, '', 2),
(788, 16, '圆桌子', 'Yuán zhuō zi', 'Round table', 685, '', 2),
(789, 16, '汽水', 'Qì shuǐ', 'Soft Drink', 686, '', 2),
(790, 35, '越南菜', 'Yuè nán cài', 'Vietnamese Cuisine', 687, '', 2),
(791, 35, '泰国菜', 'Tài guó cài', 'Thai Cuisine', 688, '', 2),
(792, 35, '日本料理', 'Rì běn liào lǐ', 'Japanese cuisine', 689, '菜 means food which is cooked. However, 料理 means the food which has to be made carefully by hand.', 2),
(793, 35, '韩国料理', 'Hán guó liào lǐ', 'Korean cuisine', 690, '', 2),
(794, 35, '中餐', 'Zhōng cān', 'Chinese Cuisine', 691, '', 2),
(795, 35, '西餐', 'Xī cān', 'Western Cuisine', 692, '', 2),
(796, 35, '快餐', 'Kuài cān', 'Fast food', 693, '', 2),
(797, 35, '中东菜', 'Zhōng dōng cài', 'Middle Eastern cuisine', 694, '', 2),
(798, 35, '意大利菜', 'Yì dà lì cài', 'Italian cuisine', 695, '', 2),
(799, 35, '法国菜', 'Fà guó cài', 'French Cuisine', 696, '', 2),
(800, 35, '米饭', 'Mǐ fàn', 'Rice', 697, '', 2),
(801, 35, '馒头', 'Mán tou', 'Plain Bun', 698, '', 2),
(802, 35, '包子', 'Bāo zi', 'Bun', 699, '', 2),
(803, 35, '炒菜', 'Chǎo cài', 'Fried Vegetables', 700, '', 2),
(804, 35, '炒饭', 'Chǎo fàn', 'Fried rice', 701, '', 2),
(805, 35, '面条', 'Miàn tiáo', 'Noodles', 702, '', 2),
(806, 38, '筷子', 'Kuài zi', 'Chopsticks', 703, '', 2),
(807, 38, '刀叉', 'Dāo chā', 'knife and fork', 704, '', 2),
(808, 38, '勺子', 'Sháo zi', 'Spoon', 705, '', 2),
(809, 38, '刀子', 'Dāo zi', 'Knife', 706, 'Knife alone is written as 刀子, while knife and fork pair is written as 刀叉。', 2),
(810, 38, '叉子', 'Chā zi', 'Fork', 707, 'Fork alone is written as 叉子, but fork and knife pair is written as 刀叉。', 2),
(811, 38, '手', 'Shǒu', 'Hand', 708, '', 2),
(812, 38, '餐具', 'Cān jù', 'tableware', 709, '', 2),
(813, 35, '面包', 'Miàn bāo', 'bread', 710, '', 2),
(814, 35, '汉堡包', 'Hàn bǎo bāo', 'hamburger', 711, '', 2),
(815, 35, '薯条', 'Shǔ tiáo', 'French fries', 712, '', 2),
(816, 35, '意大利面', 'Yì dà lì miàn', 'Spaghetti', 713, '', 2),
(817, 35, '牛排', 'Niú pái', 'Steak', 714, '', 2),
(818, 35, '披萨饼', 'Pī sà bǐng', 'Pizza', 715, '', 2),
(819, 35, '油条', 'Yóu tiáo', 'Chinese Fried Dough', 716, '', 2),
(820, 35, '鸡蛋饼', 'Jī dàn bǐng', 'Egg cake', 717, '', 2),
(821, 35, '点心', 'Diǎn xīn', 'Dim Sum', 718, '', 2),
(822, 35, '小笼包', 'Xiǎo lóng bāo', 'Chinese steamed bun', 719, '', 2),
(823, 35, '豆浆', 'Dòu jiāng', 'Soy milk', 720, '', 2),
(824, 35, '粥', 'Zhōu', 'Porridge/Congee', 721, '', 2),
(825, 35, '绿茶', 'Lǜ chá', 'Green Tea', 722, '', 2),
(826, 35, '红茶', 'Hóng chá', 'Black tea', 723, 'Although the English Translation is - black tea - the literal translation is red tea.', 2),
(827, 35, '果汁', 'Guǒ zhī', 'fruit juice', 724, '', 2),
(828, 35, '鸡蛋', 'Jī dàn', 'Egg', 725, '', 2),
(829, 35, '麦片', 'Mài piàn', 'Cereal', 726, '', 2),
(830, 35, '香肠', 'Xiāngcháng', 'Sausage', 727, 'Examples 牛肉肠 - beef sausage, 鸡肉肠 - chicken sausage', 2),
(831, 35, '奶茶', 'Nǎi chá', 'Milk Tea', 728, '', 2),
(832, 35, '咖啡', 'Kā fēi', 'Coffee', 729, '', 2),
(833, 35, '牛奶', 'Niú nǎi', 'Milk', 730, '', 2),
(834, 35, '三明治', 'Sān míng zhì', 'Sandwich', 731, '', 2),
(835, 35, '沙拉', 'Shā lā', 'Salad', 732, '', 2),
(836, 35, '甜甜圈', 'Tián tián quān', 'Donut', 733, '', 2),
(837, 35, '热狗', 'Rè gǒu', 'Hot Dog', 734, '', 2),
(838, 35, '盒饭', 'Hé fàn', 'Packed Meals', 735, '', 2),
(839, 36, '煎', 'Jiān', 'Pan-Fry', 736, '', 2),
(840, 36, '煮', 'Zhǔ', 'Boil', 737, '', 2),
(841, 36, '蒸', 'Zhēng', 'Steam', 738, '', 2),
(842, 36, '炸', 'Zhà', 'Deep-fry', 739, '', 2),
(843, 36, '炒', 'Chǎo', 'Stir-fry', 740, '', 2),
(844, 36, '炖', 'Dùn', 'Stew', 741, '', 2),
(845, 37, '调料', 'Tiáo liào', 'seasoning', 742, '', 2),
(846, 37, '盐', 'Yán', 'Salt', 1, '', 2),
(847, 37, '糖', 'Táng', 'Sugar', 744, '', 2),
(848, 37, '酱油', 'Jiàng yóu', 'soy sauce', 745, '', 2),
(849, 37, '醋', 'Cù', 'Vinegar', 746, '', 2),
(850, 37, '辣椒', 'Là jiāo', 'Chilli', 747, '', 2),
(851, 37, '油', 'Yóu', 'Oil', 748, '', 2),
(852, 37, '味道', 'Wèi dào', 'Taste', 749, '', 2),
(853, 37, '酸', 'Suān', 'Sour', 750, '', 2),
(854, 37, '苦', 'Kǔ', 'Bitter', 751, '', 1),
(855, 37, '咸', 'Xián', 'Salty', 752, '', 2),
(856, 37, '甜', 'Tián', 'sweet', 753, '', 2),
(857, 37, '辣', 'Là', 'Spicy', 754, '', 2),
(858, 29, '香', 'Xiāng', 'Fragrant', 755, '', 2),
(859, 30, '无', 'Wú', 'absence', 1, '无色无味 means without colour and taste', 2),
(860, 29, '吃醋', 'Chī cù', 'Jealous', 756, 'Literally, it means eat vinegar.', 2),
(861, 16, '苦瓜', 'Kǔ guā', 'Bitter gourd', 757, '', 2),
(862, 16, '蛋糕', 'Dàn gāo', 'Cake', 758, '生日蛋糕 - Birthday Cake', 2),
(863, 29, '帅哥', 'Shuài gē', 'Handsome guy', 1, '', 2),
(864, 37, '臭', 'Chòu', 'Smelly', 760, '', 2),
(865, 29, '美女', 'Měi nǚ', 'Beautiful', 1, 'For complimenting', 2),
(866, 40, '先生', 'Xiān shēng', 'Mr', 1, '你好，王先生！ = Hello, Mr. Wang!', 2),
(867, 40, '太太', 'Tài tài', 'Mrs', 1, 'Also means wife. 他的太太 = his wife', 1),
(868, 40, '小姐', 'Xiǎo jiě', 'Miss', 1, 'Can be offensive - because it can imply the meaning of prostitute, as a slang.', 1),
(869, 40, '女士', 'Nǚ shì', 'Ms', 1, 'This is the safest word to address females.', 2),
(870, 30, '同事', 'Tóng shì', 'colleague', 761, '', 2),
(871, 30, '生人', 'Shēng rén', 'stranger', 762, '', 2),
(872, 30, '熟人', 'Shú rén', 'acquaintance', 763, '', 2),
(873, 29, '传统', 'Chuán tǒng', 'Traditional', 1, '', 2),
(874, 16, '生的', 'Shēng de', 'Raw', 764, '', 2),
(875, 16, '熟的', 'Shú de', 'Cooked', 765, '', 2),
(876, 29, '生猪肉面包', 'Shēng zhū ròu miàn bāo', 'Raw pork bread (German)', 766, '', 2),
(877, 37, '新鲜的', 'Xīn xiān de', 'Fresh', 767, '', 2),
(878, 29, '茶叶', 'Chá yè', 'Tea Leaf', 768, '', 2),
(879, 35, '烧烤', 'Shāo kǎo', 'Barbecue', 769, '', 2),
(880, 35, '火腿', 'Huǒ tuǐ', 'Ham', 770, '', 2),
(881, 39, '在这吃', 'Zài zhè chī', 'Dine In', 771, '', 2),
(882, 39, '外卖', 'Wài mài', 'Takeaway', 772, '', 2),
(883, 39, '一共', 'Yī gòng', 'Altogether', 773, '', 2),
(884, 39, '服务费', 'Fú wù fèi', 'Service fee', 774, '', 2),
(885, 39, '点菜', 'Diǎn cài', 'order food', 775, '', 2),
(886, 30, '首先', 'Shǒu xiān', 'First of all', 1, 'Words to organize order of events', 2),
(887, 30, '然后', 'Rán hòu', 'Then', 1, 'Words to organize order of events', 2),
(888, 30, '最后', 'Zuì hòu', 'Finally', 1, 'Words to organize order of events', 2),
(889, 30, '如果', 'Rú guǒ', 'if', 1, '', 2),
(890, 30, '是否', 'Shì fǒu', 'whether or not', 1, '', 2),
(891, 39, '菜单', 'Cài dān', 'Restaurant Menu', 776, '', 2),
(892, 30, '只有', 'Zhǐ yǒu', 'Only have', 777, 'Example: 我们只有猪肉炒面。(We only have pork noodles.)', 2),
(893, 30, '试试', 'Shì shì', 'to try', 1, 'Example: 您可以试试。(You can try it.)', 2),
(894, 39, '马上就来', 'Mǎ shàng jiù lái', 'Coming right away!', 778, '', 2),
(895, 39, '请稍等', 'Qǐng shāo děng', 'Please wait', 779, 'A very useful phrase in customer service.', 2),
(896, 16, '素菜', 'Sù cài', 'Vegetarian dish', 780, '', 2),
(897, 39, '换', 'Huàn', 'Exchange', 1, 'When the food is cold, the waiter will provide you an exchange. Example: 我给你们换。(I will change it for you.)', 2),
(898, 16, '生菜', 'Shēng cài', 'Lettuce', 781, '', 2),
(899, 30, '生气', 'Shēng qì', 'Angry', 782, '', 2),
(900, 39, '用餐体验', 'Yòng cān tǐ yàn', 'Dining experience', 783, '', 2),
(901, 39, '用餐愉快', 'Yòng cān yú kuài', 'Enjoy your meal', 784, 'A common phrase used by food caterers.', 2),
(902, 30, '票', 'Piào', 'Ticket', 785, '门票 = entrance ticket, 飞机票 = airplane ticket', 2),
(903, 39, '小费', 'Xiǎo fèi', 'tip', 786, '', 2),
(904, 39, '请问', 'Qǐng wèn', 'Excuse me', 1, '', 2),
(905, 30, '请问', 'Qǐng wèn', 'Excuse me', 787, '', 2),
(906, 31, '杯', 'Bēi', 'A cup of', 788, '两杯可乐 = Two glasses of cola', 2),
(907, 39, '还要别的吗', 'Hái yào bié de ma', 'Anything else?', 1, '', 2),
(908, 39, '不用了', 'Bù yòng le', 'No', 1, 'Say 不用了，谢谢 for : No, thanks.', 2),
(909, 39, '多少钱', 'Duō shǎo qián', 'How much is it ?', 789, '', 2),
(910, 37, '黄油', 'Huáng yóu', 'Butter', 790, '', 2),
(911, 39, '付钱', 'Fù qián', 'pay', 791, '', 2),
(912, 39, '买单', 'Mǎi dān', 'Bill', 792, 'You can also use 买单 as a verb - 小姐，买单! -Waitress, bring me the bill.', 2),
(913, 39, '请客', 'Qǐng kè', 'I will pay', 1, 'As an act of hospitality.', 2),
(914, 29, '人情味', 'Rén qíng wèi', 'Personal Closeness', 1, '', 2),
(915, 5, '孙子', 'Sūn zi', 'Grandson', 793, '', 2),
(916, 5, '孙女', 'Sūn nǚ', 'Grand daughter', 794, '', 2),
(917, 30, '聚会', 'Jù huì', 'Gathering', 795, '家人聚会 (Family Gathering)，同学聚会 (Classmates Gathering) ， 校友聚会 (Alumni Gathering)', 2),
(918, 30, '上班族', 'Shàng bān zú', 'Working Class', 796, '', 2),
(919, 30, '送', 'Sòng', 'deliver', 797, '', 2),
(920, 30, '辛苦', 'Xīnkǔ', 'Hard/Demanding (Job)', 798, '他们工作很辛苦。', 2),
(921, 30, '变得', 'Biàn dé', 'Become', 1, '', 2),
(922, 30, '轻松', 'Qīng sōng', 'Relaxed', 799, '', 2),
(923, 30, '感谢', 'Gǎn xiè', 'Grateful', 800, '', 2),
(924, 30, '庆祝', 'Qìng zhù', 'Celebrate', 801, '', 2),
(925, 17, '疼', 'Téng', 'Pain (spoken)', 1, ' 疼 is a spoken term. For medical term, use 痛 (Tòng).', 2),
(926, 17, '生病', 'Shēng bìng', 'Sick', 802, '', 2),
(927, 17, '舒服', 'Shū fú', 'Comfortable', 803, '', 2),
(928, 17, '头痛', 'Tóu tòng', 'headache', 804, '', 2),
(929, 17, '头晕', 'Tóu yūn', 'dizziness', 805, '', 2),
(930, 17, '嗓子疼', 'Sǎng zi téng', 'Sore Throat', 806, '', 2),
(931, 17, '咽喉疼', 'Yān hóu téng', 'Sore Throat', 807, '', 2),
(932, 17, '发烧', 'Fā shāo', 'fever', 808, '', 2),
(933, 17, '量体温', 'Liàng tǐ wēn', 'Body Temperature', 809, '', 2),
(934, 17, '感冒', 'Gǎn mào', 'have a cold', 810, '', 2),
(935, 17, '流鼻水', 'Liú bí shuǐ', 'Runny Nose', 811, '', 2),
(936, 17, '咳嗽', 'Ké sòu', 'cough', 812, '', 2),
(937, 17, '牙疼', 'Yá téng', 'Toothache', 813, '', 2),
(938, 17, '肚子疼', 'Dù zi téng', 'Stomachache', 814, '', 2),
(939, 17, '胃疼', 'Wèi téng', 'Stomachache', 815, '', 2),
(940, 17, '吐', 'Tǔ', 'Vomit', 816, '', 2),
(941, 17, '鼻塞', 'Bí sè', 'Nose Blockage', 817, '', 2),
(942, 17, '眼睛疼', 'Yǎn jīng téng', 'Sore Eyes', 818, '', 2),
(943, 17, '近视', 'Jìn shì', 'Short-sightedness', 819, '', 2),
(944, 17, '背疼', 'Bèi téng', 'Back Pain', 820, '', 2),
(945, 17, '脚疼', 'Jiǎo téng', 'Foot Pain', 821, '', 2),
(946, 17, '腿疼', 'Tuǐ téng', 'Leg Pain', 822, '', 2),
(947, 17, '胳膊疼', 'Gē bó téng', 'Sore Arms', 823, '', 2),
(948, 17, '脱臼', 'Tuō jiù', 'Dislocation', 824, '', 2),
(949, 17, '拉肚子', 'Lā dù zi', 'Diarrhoea', 825, '', 2),
(950, 17, '脖子疼', 'Bó zi téng', 'Neck Pain', 826, '', 2),
(951, 17, '落枕', 'Lào zhěn', 'Stiff Neck', 827, '', 2),
(952, 17, '口腔溃疡', 'Kǒu qiāng kuì yáng', 'Oral Ulcer', 828, '', 2),
(953, 17, '看医生', 'Kàn yī shēng', 'See doctor', 829, '', 2),
(954, 17, '药', 'Yào', 'Medicine', 830, '', 2),
(955, 17, '止咳药水', 'Zhǐ ké yào shuǐ', 'Cough drops', 831, '', 2),
(956, 17, '退烧药', 'Tuì shāo yào', 'Antipyretics (to reduce fever)', 832, '', 2),
(957, 17, '止痛药', 'Zhǐ tòng yào', 'Painkiller', 833, '', 2),
(958, 17, '望', 'Wàng', 'Observe', 834, '', 2),
(959, 17, '闻', 'Wén', 'Hear/Smell', 1, '', 1),
(960, 17, '问', 'Wèn', 'Ask', 835, '', 2),
(961, 17, '太极拳', 'Tài jí quán', 'Tai Chi', 836, '', 2),
(962, 17, '推拿', 'Tuī ná', 'Massage', 837, '', 2),
(963, 17, '拔罐', 'Bá guàn', 'Cupping therapy', 838, '', 2),
(964, 17, '针灸', 'Zhēn jiǔ', 'Acupuncture', 839, '', 2),
(965, 17, '刮痧', 'Guā shā', 'Scraping', 840, '', 2),
(966, 30, '节日', 'Jié rì', 'Festival', 841, '', 2),
(967, 30, '团圆', 'Tuán yuán', 'Reunion', 842, '', 2),
(968, 16, '火鸡', 'Huǒ jī', 'Turkey', 843, '', 2),
(969, 41, '感恩节', 'Gǎn ēn jié', 'Thanksgiving', 844, '', 2),
(970, 41, '圣诞节', 'Shèng dàn jié', 'Christmas', 845, '', 2),
(971, 17, '痛', 'Tòng', 'Paing (medical)', 846, '痛 is a medical term. For spoken, use 疼 (Téng)', 2),
(972, 17, '来月经', 'Lái yuè jīng', 'Menstruation', 847, '', 2),
(973, 17, '晕车', 'Yùn chē', 'Motion sickness', 848, '', 2),
(974, 17, '肥胖症', 'Féi pàng zhèng', 'Obesity', 849, '', 2),
(975, 17, '大夫', 'Dà fū', 'Chinese Traditional Doctor', 850, '', 2),
(976, 30, '排队', 'Pái duì', 'Line up', 851, '', 2),
(977, 17, '病假条', 'Bìng jià tiáo', 'Sick Leave Note', 852, '', 2),
(978, 5, '父亲', 'Fù qīn', 'Father (formal)', 853, 'This is the formal word for father, used in formal letters.', 2),
(979, 5, '母亲', 'Mǔ qīn', 'Mother (formal)', 854, 'This is the formal word for mother, used in formal letters.', 2),
(980, 5, '孩子', 'Hái zi', 'Child', 855, '', 2),
(981, 42, '演讲稿', 'Yǎn jiǎng gǎo', 'Speech', 856, '', 2),
(982, 42, '字条', 'Zì tiáo', 'Note', 857, '', 2),
(983, 33, '暑假', 'Shǔ jià', 'Summer Break', 858, '', 2),
(984, 33, '寒假', 'Hán jià', 'Winter Break', 859, '', 2),
(985, 30, '够', 'Gòu', 'Enough', 860, '', 2),
(986, 42, '日记', 'Rì jì', 'diary', 861, '', 2),
(987, 42, '博客', 'Bó kè', 'Blog', 862, '', 2),
(988, 42, '电邮', 'Diàn yóu', 'E-mail', 864, '', 2),
(989, 42, '广告', 'Guǎng gào', 'Advertisement', 865, '', 2),
(990, 17, '身体', 'Shēn tǐ', 'Body/Health', 866, '', 2),
(991, 17, '健康', 'Jiàn kāng', 'Healthy', 867, '', 2),
(992, 30, '过', 'Guò', 'to celebrate', 868, 'It also means (have been) when combined with verbs.', 2),
(993, 21, '购物', 'gòu wù', 'Shopping', 869, '', 2),
(994, 21, '多少钱', 'Duō shǎo qián', 'How much is it ?', 870, '', 2),
(995, 21, '个', 'Gè', 'ones (number)', 1, 'Refer to the Shopping slides for clarification.', 2),
(996, 21, '十', 'Shí', 'Tens', 1, 'Refer to the Shopping slides for clarification.', 2),
(997, 21, '百', 'Bǎi', 'hundreds', 1, 'Refer to the Shopping slides for clarification.', 2),
(998, 21, '千', 'Qiān', 'Thousands', 1, 'Refer to the Shopping slides for clarification.', 2),
(999, 21, '万', 'Wàn', 'Ten thousands', 1, 'Refer to the Shopping slides for clarification.', 2),
(1000, 21, '万', 'Wàn', 'Ten thousands', 1, 'Refer to the Shopping slides for clarification.', 2),
(1001, 21, '十万', 'Shí wàn', 'A hundred thousand', 1, 'Refer to the Shopping slides for clarification.', 2),
(1002, 21, '百万', 'Bǎi wàn', 'million', 1, '', 2),
(1003, 21, '人民币', 'Rén mín bì', 'RMB', 871, 'It literally means people\'s currency.', 2),
(1004, 21, '元', 'Yuán', 'Unit for currency', 1, '', 2),
(1005, 21, '块', 'Kuài', 'Another unit for currency.', 1, '', 2),
(1006, 21, '花', 'Huā', 'spend', 1, 'As noun, 花 means flower. But in shopping context, it is spending either time or money.', 2),
(1007, 21, '商场', 'Shāng chǎng', 'Shopping Mall', 872, '', 2),
(1008, 21, '书店', 'Shū diàn', 'Book store', 873, '', 2),
(1009, 21, '礼品店', 'Lǐ pǐn diàn', 'Gift shop', 874, '', 2),
(1010, 21, '童装店', 'Tóng zhuāng diàn', 'Children\'s clothing store', 875, '', 2),
(1011, 21, '玩具店', 'Wán jù diàn', 'Toy store', 876, '', 2),
(1012, 21, '钟表店', 'Zhōng biǎo diàn', 'Watch Shop', 877, '', 2),
(1013, 21, '男装店', 'Nán zhuāng diàn', 'Men\'s clothing store', 878, '', 2),
(1014, 21, '女装店', 'Nǚ zhuāng diàn', 'Women\'s clothing store', 879, '', 2),
(1015, 21, '化妆品店', 'Huà zhuāng pǐn diàn', 'Cosmetics store', 880, '', 2),
(1016, 21, '饭店', 'Fàn diàn', 'restaurant', 881, '', 2),
(1017, 21, '超级市场', 'Chāo jí shì chǎng', 'supermarket', 882, '', 2),
(1018, 21, '超市', 'Chāo shì', 'Supermarket (abbreviation)', 882, 'Long form is 超级市场 (Chāo jí shì chǎng).', 2),
(1019, 21, '电影院', 'Diàn yǐng yuàn', 'Cinema', 884, '', 2),
(1020, 21, '菜市场', 'Cài shì chǎng', 'Wet Market', 885, '', 2),
(1021, 21, '蛋糕店', 'Dàn gāo diàn', 'Bakery', 886, '', 2),
(1022, 21, '鞋店', 'Xié diàn', 'shoe store', 887, '', 2),
(1023, 21, '理发店', 'Lǐ fǎ diàn', 'barbershop', 888, '', 2),
(1024, 21, '剪头发', 'Jiǎn tóu fǎ', 'Cut hair', 889, '剪 (Jiǎn) means cut.', 2),
(1025, 21, '逛街', 'Guàng jiē', 'Window Shopping', 890, '逛 = to wander around, 街 = street', 2),
(1026, 21, '顾客', 'Gù kè', 'Customer', 892, '', 2),
(1027, 21, '卖', 'Mài', 'Sell', 893, '', 2),
(1028, 21, '买', 'Mǎi', 'buy', 894, '', 2),
(1029, 21, '商店的老板', 'Shāng diàn de lǎo bǎn', 'Shop Owner', 895, '', 2),
(1030, 21, '电子产品', 'Diàn zǐ chǎn pǐn', 'electronic products', 896, '', 2),
(1031, 31, '只', 'Zhǐ', 'Measure word for animals', 1, '', 2),
(1032, 31, '件', 'Jiàn', 'Measure word for (top) clothing', 1, '', 1),
(1033, 31, '本', 'Běn', 'Measure word for books', 1, '', 2),
(1034, 31, '包', 'Bāo', 'A packet of', 1, '', 2),
(1035, 31, '张', 'Zhāng', 'A sheet of', 1, '', 2),
(1036, 31, '套', 'Tào', 'A set of', 1, '', 2),
(1037, 31, '部', 'Bù', 'Measure word for electronics', 1, '', 2),
(1038, 31, '块', 'Kuài', 'A bar/block of', 1, '', 2),
(1039, 2, '内裤', 'Nèikù', 'Underwear', 897, '', 2),
(1040, 28, '一个星期以后', 'Yī gè xīng qí yǐhòu', 'A week later', 1, '', 2),
(1041, 28, '一周以后', 'Yī zhōu yǐ hòu', 'A week later', 1, '', 2),
(1042, 28, '一个星期以前', 'Yī gè xīng qí yǐ qián', 'A week ago', 1, '', 2),
(1043, 2, '凉鞋', 'Liáng xié', 'Sandals', 898, '', 2),
(1044, 2, '高跟鞋', 'Gāo gēn xié', 'High Heels', 900, '', 2),
(1045, 2, '拖鞋', 'Tuō xié', 'Flip flops', 901, '', 2),
(1046, 30, '小朋友', 'Xiǎo péng yǒu', 'Children', 902, '', 2),
(1047, 21, '游戏机', 'Yóu xì jī', 'Game console', 903, '', 2),
(1048, 21, '售货员', 'Shòu huò yuán', 'Salesman', 904, '', 2),
(1049, 21, '讨价还价', 'Tǎo jià huán jià', 'bargain', 905, '', 2),
(1050, 21, '打折', 'Dǎ zhé', 'Discount', 906, 'You can also say (折扣 - Zhékòu)', 2),
(1051, 21, '折扣', 'Zhékòu', 'Discount', 907, '折扣 is used as a noun while 打折 is used as a verb.', 2),
(1052, 21, '付钱', 'Fù qián', 'pay', 908, '', 2),
(1053, 21, '现金', 'Xiàn jīn', 'Cash', 909, '付现金 = pay by cash', 2),
(1054, 21, '信用卡', 'Xìn yòng kǎ', 'Credit Card', 910, '', 2),
(1055, 21, '刷卡', 'Shuā kǎ', 'pay by card', 911, '', 2),
(1056, 21, '小号', 'Xiǎo hào', 'Small size', 912, '', 2),
(1057, 21, '试试', 'Shì shì', 'try on ', 913, '', 2),
(1058, 21, '配', 'Pèi', 'Match', 914, '', 2),
(1059, 21, '贵', 'Guì', 'Expensive', 915, '', 2),
(1060, 21, '便宜', 'Pián yí', 'Cheap', 916, '', 2),
(1061, 21, '款式', 'Kuǎn shì', 'style', 1, '', 2),
(1062, 21, '新款', 'Xīn kuǎn', 'New style ', 1, '', 2),
(1063, 21, '旧款', 'Jiù kuǎn', 'Old style', 1, '', 2),
(1064, 21, '质量', 'Zhì liàng', 'quality', 917, '', 2),
(1065, 21, '适合', 'Shì hé', 'Suit/fit', 1, '', 2),
(1066, 21, '合适', 'Hé shì', 'suitable', 1, '', 2),
(1067, 21, '商品', 'Shāng pǐn', 'Product', 918, '', 2),
(1068, 21, '退换', 'Tuì huàn', 'Refund and exchange', 919, '', 2),
(1069, 21, '其他', 'Qí tā', 'Other', 1, '', 2),
(1070, 21, '不错', 'Bù cuò', 'Not bad', 1, '', 2),
(1071, 4, '巴勒斯坦', 'Bā lè sī tǎn', 'Palestine', 920, '', 1),
(1072, 21, '我家附近', 'Wǒ jiā fù jìn', 'my neighbourhood', 921, '', 2),
(1073, 21, '地铁站', 'Dì tiě zhàn', 'MTR Station', 922, '', 2),
(1074, 21, '双十一', 'Shuāng shí yī', 'Singles Day', 923, '', 2),
(1075, 21, '网上购物', 'Wǎng shàng gòu wù', 'Online Shopping', 924, '', 2),
(1076, 21, '好处', 'Hǎo chù', 'Advantage', 1, '', 2),
(1077, 21, '坏处', 'Huài chu', 'Disadvantage', 1, '', 2),
(1078, 21, '省', 'Shěng', 'save', 925, '省时间 = save time, 省钱 = save money, 省电 = save electricity', 2),
(1079, 21, '浪费', 'Làng fèi', 'Waste', 926, '', 2),
(1080, 30, '一定', 'Yī dìng', 'for sure/certainly', 927, '', 2),
(1081, 21, '一定', 'Yī dìng', 'for sure/certainly', 927, '', 2),
(1082, 21, '不用出门', 'Bù yòng chū mén', 'No need to go out', 1, '', 2),
(1083, 29, '麻烦', 'Má fan', 'Troublesome', 1, '', 2),
(1084, 21, '麻烦', 'Má fan', 'Troublesome', 1, '', 2),
(1085, 21, '房租', 'Fáng zū', 'Rent', 928, '', 2),
(1086, 10, '凌晨', 'Líng chén', 'Very early in morning', 929, '', 2),
(1087, 19, '科技', 'Kē jì', 'Technology', 930, '', 2),
(1088, 19, '媒体', 'méi tǐ', 'Media', 931, '', 2),
(1089, 19, '报纸', 'bào zhǐ', 'newspaper', 1, '', 2),
(1090, 19, '电视节目', 'diàn shì jié mù', 'TV program', 933, '', 2),
(1091, 19, '立场', 'lì chǎng', 'standpoint', 934, '', 2),
(1092, 19, '态度', 'tài dù', 'attitude', 935, '', 2),
(1093, 19, '时事', 'shí shì', 'current affairs', 936, '', 2),
(1094, 19, '新闻', 'xīnwén', 'news', 937, '', 2),
(1095, 19, '报道', 'bào dào', 'news report', 938, '', 2),
(1096, 19, '社交媒体', 'shè jiāo méi tǐ', 'Social Media', 939, '', 2),
(1097, 19, '微信', 'wēi xìn', 'WeChat', 940, '', 2),
(1098, 19, ' 语音', 'yǔ yīn', 'speech sounds', 941, '', 2),
(1099, 19, '发短信', 'fā duǎn xìn', 'to send a text message', 942, '', 2),
(1100, 19, '广告', 'guǎng gào', 'advertisement', 943, '', 2),
(1101, 19, '宣传', 'xuān chuán', 'publicize', 944, '', 2),
(1102, 19, '杂志', 'zá zhì', 'magazine', 945, '', 2),
(1103, 19, '脸书', 'liǎn shū', 'Facebook', 946, '', 2),
(1104, 19, '推特', 'tuī tè', 'Twitter', 947, '', 2),
(1105, 19, '博客', 'bó kè', 'Blog', 948, '', 2),
(1106, 19, '微博', 'Wēi bó', 'Weibo', 949, '', 2),
(1107, 19, '主页', 'zhǔ yè', 'Homepage', 950, '', 2),
(1108, 19, '留言', 'liú yán', 'to leave a message', 951, '', 2),
(1109, 19, '网络', 'wǎng luò', 'Network / Internet', 952, '', 2),
(1110, 19, '网银', 'Wǎng yín', 'Online Banking', 953, '', 2),
(1111, 19, '点赞', 'Diǎn zàn', 'give \'Like\' (social media)', 954, '', 2),
(1112, 19, '订阅', 'dìng yuè', 'subscription', 955, '', 2),
(1113, 19, '动画', 'dòng huà', 'animation', 956, '', 2),
(1114, 19, '网友', 'wǎng yǒu', 'Online Friend', 957, '', 2),
(1115, 19, '手机', 'shǒu jī', 'Mobile Phone', 958, '', 2),
(1116, 19, '上传', 'shàng chuán', 'upload', 959, '', 2),
(1117, 19, '下载', 'xià zài', 'Download', 960, '', 2),
(1118, 19, '电子邮件', 'diàn zǐ yóu jiàn', 'E-mail', 961, '', 2),
(1119, 19, '共享', 'gòng xiǎng', 'share', 962, '', 2),
(1120, 19, '网上欺凌', 'Wǎng shàng qī líng', 'cyber bullying', 963, '', 2),
(1121, 19, '责任', 'zé rèn', 'responsibility / blame', 964, '', 2),
(1122, 19, '导航', 'dǎo háng', 'navigation', 966, '', 2),
(1123, 19, '联系', 'lián xì', 'to contact, connect', 1, '', 2),
(1124, 19, '人工智能', 'rén gōng zhì néng', 'artificial intelligence', 968, '', 2),
(1125, 19, '机器人', 'jī qì rén', 'robot', 969, '', 2),
(1126, 19, '无人机', 'wú rén jī', 'drone', 970, '', 2),
(1127, 19, '人类', 'rén lèi', 'mankind', 971, '', 2),
(1128, 19, '控制', 'kòng zhì', 'to control', 972, '', 2),
(1129, 19, '安全', 'ān quán', 'safe', 973, '', 2),
(1130, 19, '视频', 'shì pín', 'Video', 974, '', 2),
(1131, 19, '通话', 'tōng huà', 'communicate by telephone', 975, '', 2),
(1132, 19, '优点', 'yōu diǎn', 'advantage', 976, '', 2),
(1133, 19, '缺点', 'quē diǎn', 'weakness', 977, '', 2),
(1134, 24, '环境', 'huán jìng', 'environment', 978, '', 2),
(1135, 24, '污染', 'wū rǎn', 'pollution', 979, '', 2),
(1136, 24, '水灾', 'shuǐ zāi', 'flood', 980, '', 2),
(1137, 24, '旱灾', 'hàn zāi', 'drought', 981, '', 2),
(1138, 24, '雾霾', 'Wù mái', 'Smog', 982, '', 2),
(1139, 24, '全球暖化', 'quán qiú nuǎn huà', 'global warming', 983, '', 2),
(1140, 24, '气候', 'qì hòu', 'climate', 984, '', 2),
(1141, 24, '冰川融化', 'bīng chuān róng huà', 'melting glaciers', 985, '', 2),
(1142, 24, '空气', 'kōng qì', 'air / atmosphere', 986, '', 2),
(1143, 24, '噪音污染', 'zào yīn wū rǎn', 'noise pollution', 987, '', 2),
(1144, 24, '环保', 'huán bǎo', 'Environmental Protection', 988, '', 2),
(1145, 24, '可持续的', 'kě chí xù de', 'sustainable', 989, '', 2),
(1146, 24, '回收', 'huí shōu', 'recycle', 990, '', 2),
(1147, 24, '塑料袋', 'sù liào dài', 'plastic bag', 991, '', 2),
(1148, 24, '环保袋', 'Huán bǎo dài', 'reusable bag', 992, '', 2),
(1149, 24, '节省', 'jié shěng', 'Reduce usage', 993, '', 2),
(1150, 24, '保护', 'bǎo hù', 'to protect', 994, '', 2),
(1151, 24, '垃圾桶', 'lā jī tǒng', 'rubbish bin', 995, '', 2),
(1152, 24, '纸巾', 'zhǐ jīn', 'paper napkin', 996, '', 2),
(1153, 24, '一次性', 'yí cì xìng', 'one-time', 997, '', 2),
(1154, 24, '可再生', 'kě zài shēng', 'renewable', 998, '', 2),
(1155, 24, '分类', 'fēn lèi', 'to classify', 999, '', 2),
(1156, 24, '收集', 'shōu jí', 'Collect', 1000, '', 2),
(1157, 24, '制作', 'zhì zuò', 'to make, manufacture', 1001, '', 2),
(1158, 24, '地球日', 'dì qiú rì', 'Earth Day', 1002, '', 2),
(1159, 24, '瓶装水', 'píng zhuāng shuǐ', 'bottled water', 1003, '', 2),
(1160, 24, '塑料', 'sù liào', 'plastics', 1004, '', 2),
(1161, 24, '玻璃', 'bō li', 'glass', 1005, '', 2),
(1162, 24, '金属', 'Jīn shǔ', 'metal', 1006, '', 2),
(1163, 24, '纸', 'zhǐ', 'paper', 1007, '', 2),
(1164, 24, '可回收', 'Kě huí shōu', 'recyclable', 1008, '', 2),
(1165, 24, '不可回收', 'bù kě huí shōu', 'non-recyclable', 1010, '', 2),
(1166, 24, '光污染', 'Guāng wū rǎn', 'light pollution', 1011, '', 2),
(1167, 24, '极端天气', 'Jí duān tiān qì', 'extreme weather', 1012, '', 2),
(1168, 24, '濒危动物', 'bīn wēi dòng wù', 'endangered animal', 1013, '', 2),
(1169, 24, '口罩', 'kǒu zhào', 'mask', 1015, '', 2),
(1170, 22, '住宿', 'zhù sù', 'accommodation', 1017, '', 2),
(1171, 22, '客房', 'kè fáng', 'guest room', 1018, '', 2),
(1172, 22, '房型', 'fáng xíng', 'type of room', 1019, '', 2),
(1173, 22, '单人间', 'dān rén jiān', 'single room', 1020, '', 2),
(1174, 22, '标间', 'biāo jiān', 'twin bed room', 1021, '', 2),
(1175, 22, '套房', 'tào fáng', 'suite', 1022, '', 2),
(1176, 22, '加床', 'jiā chuáng', 'extra bed', 1023, '', 2),
(1177, 22, '游客中心', 'yóu kè zhōng xīn', 'tourist center', 1024, '', 2),
(1178, 22, '旅馆', 'lǚ guǎn', 'hotel', 1025, '', 2),
(1179, 22, '大堂', 'dà táng', 'lobby', 1026, '', 2),
(1180, 22, '前台', 'qián tái', 'Reception desk', 1027, '', 2),
(1181, 22, '五星级', 'wǔ xīng jí', 'five-star', 1028, '', 2),
(1182, 22, '床单', 'chuáng dān', 'bed sheet', 1029, '', 2),
(1183, 22, '枕头', 'zhěn tou', 'pillow', 1030, '', 2),
(1184, 22, '台灯', 'tái dēng', 'desk lamp', 1031, '', 2),
(1185, 22, '吹风机', 'chuī fēng jī', 'hair dryer', 1032, '', 2),
(1186, 22, '浴巾', 'yù jīn', 'bath towel', 1033, '', 2),
(1187, 22, '毛巾', 'máo jīn', 'towel', 1034, '', 2),
(1188, 22, '洗发水', 'xǐ fà shuǐ', 'shampoo', 1035, '', 2),
(1189, 22, '沐浴露', 'mù yù lù', 'shower gel', 1036, '', 2),
(1190, 22, '牙刷', 'yá shuā', 'toothbrush', 1037, '', 2),
(1191, 22, '大人', 'Dà rén', 'adult', 1038, '', 2),
(1192, 22, '小孩', 'xiǎo hái', 'child', 1039, '', 2),
(1193, 22, '入住', 'rù zhù', 'check in', 1040, '', 2),
(1194, 22, '登记', 'dēng jì', 'to register (one\'s name)', 1041, '', 2),
(1195, 22, '退房', 'tuì fáng', 'to check out', 1042, '', 2),
(1196, 22, '房费', 'fáng fèi', 'room charge', 1043, '', 2),
(1197, 22, '免费', 'miǎn fèi', 'free of charge', 1044, '', 2),
(1198, 22, '房间', 'fáng jiān', 'room', 1045, '', 2),
(1199, 22, '旅游', 'Lǚ yóu', 'tour', 1046, '', 2),
(1200, 22, '家庭套房', 'Jiā tíng tào fáng', 'Family Suite', 1047, '', 2),
(1201, 22, '订酒店', 'Dìng jiǔ diàn', 'Book a hotel', 1, '', 2),
(1202, 22, '紫禁城', 'Zǐ jìn chéng', 'Forbidden City', 1048, '', 2),
(1203, 22, '故宫', 'Gù gōng', 'Forbidden City （Palace Museum)', 1049, '', 2),
(1204, 22, '长城', 'Cháng chéng', 'Great Wall', 1050, '', 2),
(1205, 22, '鸟巢', 'Niǎo cháo', 'Bird\'s Nest', 1051, 'It is Beijing National Stadium.', 2),
(1206, 22, '水立方', 'Shuǐ lì fāng', 'Water Cube', 1052, '', 2),
(1207, 22, '天坛公园', 'Tiān tán gōng yuán', 'Temple of Heaven', 1053, '', 2),
(1208, 22, '游客', 'Yóu kè', 'Tourist', 1055, '', 2),
(1209, 22, '指南', 'Zhǐ nán', 'Guide', 1056, '', 2),
(1210, 22, '海报', 'Hǎi bào', 'Poster', 1057, '', 2),
(1211, 22, '邮轮', 'Yóu lún', 'Cruise', 1058, '', 2),
(1212, 22, '禁止', 'Jìn zhǐ', 'Not allowed', 1059, 'e.g. 禁止吸烟 = smoking not allowed', 2),
(1213, 23, '市政设施 ', 'Shìzhèng shèshī', 'Town facilities', 1060, '', 2),
(1214, 23, '邮局', 'yóu jú', 'post office', 1061, '', 2),
(1215, 23, '百货商场', 'Bǎi huò shāng chǎng', 'department store', 1062, '', 2),
(1216, 23, '超市', 'chāo shì', 'supermarket', 1063, '', 2),
(1217, 23, '药店', 'yào diàn', 'pharmacy', 1064, '', 2),
(1218, 23, '博物馆', 'bó wù guǎn', 'museum', 1065, '', 2),
(1219, 23, '警察局', 'jǐng chá jú', 'police station', 1066, '', 2),
(1220, 23, '公安局', 'gōng ān jú', 'police station', 1067, '', 2),
(1221, 23, '公园', 'gōng yuán', 'park', 1068, '', 2),
(1222, 23, '游乐场', 'yóu lè chǎng', 'amusement park', 1069, '', 2),
(1223, 23, '市政大楼', 'Shì zhèng dà lóu', 'city hall', 1070, '', 2),
(1224, 23, '宾馆', 'bīn guǎn', 'guesthouse', 1071, '', 2),
(1225, 23, '地铁站', 'dì tiě zhàn', 'subway station', 1072, '', 2),
(1226, 23, '滑冰场', 'huá bīng chǎng', 'skating rink', 1073, '', 2),
(1227, 23, '健身中心', 'jiàn shēn zhōng xīn', 'fitness center', 1075, '', 2),
(1228, 23, '健身室', 'jiàn shēn shì', 'fitness center', 1077, '', 2),
(1229, 23, '禁止', 'jìn zhǐ', 'to ban/ prohibit', 1078, '', 2),
(1230, 23, '危险', 'wēi xiǎn', 'danger/dangerous', 1079, '', 2),
(1231, 23, '拍照', 'pāi zhào', 'to take a picture', 1080, '', 2),
(1232, 23, '安静', 'ān jìng', 'quiet/ peaceful', 1081, '', 2),
(1233, 23, '注意安全', 'zhù yì ān quán', 'Caution', 1082, '', 2),
(1234, 23, '禁止入内', 'jìn zhǐ rù nèi', 'No entering', 1083, '', 2),
(1235, 23, '禁止停车', 'jìn zhǐ tíng chē', 'no parking', 1084, '', 2),
(1236, 23, '请勿拍照', 'qǐng wù pāi zhào', 'no photo', 1085, '', 2),
(1237, 23, '飞机场', 'fēi jī chǎng', 'airport', 1086, '', 2),
(1238, 23, '礼品店', 'lǐ pǐn diàn', 'gift store', 1087, '', 2),
(1239, 23, '银行', 'yín háng', 'bank', 1088, '', 2),
(1240, 23, '找换店', 'zhǎo huàn diàn', 'money exchange store', 1089, '', 2),
(1241, 23, '快递公司', 'Kuài dì gōng sī', 'Courier company', 1090, '', 2),
(1242, 23, '推荐', 'Tuī jiàn', 'recommend', 1091, '', 2),
(1243, 23, '任何地方', 'Rèn hé dì fāng', 'Anywhere', 1, '', 2),
(1244, 18, '学区房', 'xué qū fáng', 'house in a good school district', 1092, '', 2),
(1245, 18, '住宅', 'Zhù zhái', 'housing', 1093, '', 2),
(1246, 18, '公寓', 'gōng yù', 'apartment', 1094, '', 2),
(1247, 18, '别墅', 'bié shù', 'villa', 1095, '', 2),
(1248, 18, '搬家', 'bān jiā', 'to move home', 1096, '', 2),
(1249, 18, '房间', 'fáng jiān', 'room', 1097, '', 2),
(1250, 18, '厨房', 'chú fáng', 'kitchen', 1098, '', 2),
(1251, 18, '客厅', 'kè tīng', 'living room', 1099, '', 2),
(1252, 18, '餐厅', 'Cān tīng', 'dining room', 1100, '', 2),
(1253, 18, '卧室', 'wò shì', 'bedroom', 1101, '', 2),
(1254, 18, '浴室', 'yù shì', 'bathroom, shower room', 1102, '', 2),
(1255, 18, '书房', 'shū fáng', 'study room', 1103, '', 2),
(1256, 18, '洗衣房', 'xǐ yī fáng', 'laundry', 1104, '', 2),
(1257, 18, '楼上', 'lóu shàng', 'upstairs', 1105, '', 2),
(1258, 18, '楼下', 'lóu xià', 'downstairs', 1106, '', 2),
(1259, 18, '花园', 'huā yuán', 'garden', 1107, '', 2),
(1260, 18, '车库', 'chē kù', 'garage', 1108, '', 2),
(1261, 18, '沙发', 'shā fā', 'sofa', 1109, '', 2),
(1262, 18, '茶几', 'chá jī', 'tea table', 1110, '', 2),
(1263, 18, '地毯', 'dì tǎn', 'carpet', 1111, '', 2),
(1264, 18, '台灯', 'Tái dēng', 'table lamp', 1112, '', 2),
(1265, 18, '阳台', 'yáng tái', 'balcony', 1113, '', 2),
(1266, 18, '墙', 'qiáng', 'wall', 1114, '', 2),
(1267, 18, '窗户', 'chuāng hu', 'window', 1115, '', 2),
(1268, 18, '窗帘', 'chuāng lián', 'window curtains', 1116, '', 2),
(1269, 18, '饮水机', 'Yǐn shuǐ jī', 'Water dispenser', 1117, '', 2),
(1270, 18, '冰箱', 'bīng xiāng', 'refrigerator', 1118, '', 2),
(1271, 18, '烤箱', 'kǎo xiāng', 'oven', 1119, '', 2),
(1272, 18, '厨具', 'chú jù', 'kitchenware', 1120, '', 2),
(1273, 18, '家具', 'jiā jù', 'furniture', 1122, '', 2),
(1274, 18, '微波炉', 'wēi bō lú', 'microwave', 1123, '', 2),
(1275, 18, '空调', 'kōng tiáo', 'air conditioning', 1124, '', 2),
(1276, 18, '柜子', 'Guì zi', 'cabinet, cupboard', 1125, '', 2),
(1277, 18, '碗', 'Wǎn', 'bowl', 1126, '', 2),
(1278, 18, '盘子', 'Pán zi', 'plate', 1127, '', 2),
(1279, 18, '衣柜', 'Yī guì', 'wardrobe', 1130, '', 2),
(1280, 18, '床', 'Chuáng', 'Bed', 1131, '', 2),
(1281, 18, '床头柜', 'Chuáng tóu guì', 'Nightstand', 1132, '', 2),
(1282, 18, '镜子', 'Jìng zi', 'mirror', 1133, '', 2),
(1283, 18, '洗衣机', 'xǐ yī jī', 'washing machine', 1134, '', 2),
(1284, 18, '毛巾', 'Máo jīn', 'towel', 1135, '', 2),
(1285, 18, '浴巾', 'Yù jīn', 'Bath Towel', 1136, '', 2),
(1286, 18, '卫生间', 'Wèi shēng jiān', 'bathroom', 1137, '', 2),
(1287, 18, '三室两厅两卫', 'Sānshì liǎng tīng liǎng wèi', '3 bedrooms, 2 living rooms, 2 bathrooms', 1, '', 2),
(1288, 18, '厕所', 'cè suǒ', 'toilet', 1138, '', 2),
(1289, 18, '乱', 'Luàn', 'Messy', 1139, '', 2),
(1290, 18, '收拾', 'Shōu shí', 'to tidy', 1140, '', 2),
(1291, 18, '房子', 'Fáng zi', 'house', 1141, '', 2),
(1292, 18, '出租', 'chū zū', 'to rent out', 1142, '', 2),
(1293, 18, '租房子', 'zū fáng zi', 'to rent a house', 1143, '', 2);

-- --------------------------------------------------------

--
-- Table structure for table `IMG`
--

CREATE TABLE `IMG` (
  `img_id` int(11) NOT NULL,
  `img_name` tinytext COLLATE utf8mb4_unicode_ci NOT NULL
) ENGINE=InnoDB DEFAULT CHARSET=utf8mb4 COLLATE=utf8mb4_unicode_ci;

--
-- Dumping data for table `IMG`
--

INSERT INTO `IMG` (`img_id`, `img_name`) VALUES
(1, 'white.png'),
(2, 'ab5c18753fd6b9a0d3ab401bea36c072.png'),
(3, '1257e9a903c5a9ede2306a7c9b917850.png'),
(4, '1722b2c0debef561ce3436f342cdc988.png'),
(5, '234bd839be43cd05b181f4d11b50a5f7.png'),
(6, '07a922a727184b01f6bd4f179365ca98.jpeg'),
(7, '8c1634d1b97657d5499a8aa3383aea05.jpeg'),
(8, '764c32730b527e831b5a0e9f85911ce7.png'),
(9, '326ccd88674d494e0523f9625046b715.png'),
(10, '84733e5f43368929138854b956e987f7.png'),
(11, '6105b32870cb1fd93ceb2563742cae7e.png'),
(12, '00fc86c9f706a88ad8c8de34c18fa779.png'),
(13, '0c5111d735062779948371b69a720bc1.jpg'),
(14, '205889a0cd9020b04096603cffea2eb2.jpeg'),
(15, 'd5e2eb8c6e388e9dd391a783aef505e9.jpg'),
(16, 'c3edc86d17f984fb8614bf1b4168b3f3.jpeg'),
(17, '619cd41367856208c7cb2534960e272a.jpg'),
(18, '7d3c00bf84785d86d082e5f7837c2ff2.jpeg'),
(19, 'fa67618b08de9bc32f4a5b86bb1aeb86.jpeg'),
(20, 'd8b7a4a93672bbeeb730f4444c498d03.jpg'),
(21, '57a3d5e182b756a88328e4ea856ad9d7.jpeg'),
(22, 'a7c590b7c88b4f88b60fe383f3e12d57.jpeg'),
(23, '72b62ca6450a4c561172b4fd6ccd2c38.jpeg'),
(24, 'cec5b03e1b2a925ffb50b698adf0e91e.jpeg'),
(25, '0acea131e92c5d3a6b350511e031e4c3.jpeg'),
(26, '935cead63c02e3fc6274c4cecb6a2a77.jpg'),
(27, '8a5cfcd4e9364d455de913b54ff685a1.jpg'),
(28, '846dd355e2f11fa914558c522e350df9.jpg'),
(29, '4758a19ffe83ddaa651dc4b7806701e4.jpg'),
(30, '7ffa02e0b45be26d0cbdeeec2c453dbf.jpg'),
(31, 'd89e6ba792609a4cf7a6ed31103155f2.jpeg'),
(32, '7bde8c445bd52b011df0cbc7d548ab87.jpeg'),
(33, '29302133150f2c109da3e2f28a2f7d06.jpg'),
(34, '393ea9908cef3af029faabd76e2a81d3.jpg'),
(35, '5d157e6dc5dc6f6d69fb0dddff4808f2.jpg'),
(36, '63f433c373e9a005d70021c7117b13bc.jpeg'),
(37, '51c3b32e8807a326a092c6f693bb39d9.jpeg'),
(38, '185889caaa1e3c0a5aedb761076b1877.jpg'),
(39, 'b2143e38a2dcece915e466800ef453f2.jpg'),
(40, '28ed104de98f74d26a2404b5759e3aa9.'),
(41, '267f8bed8d0c239f651b4e8537a46a1b.png'),
(42, 'ee9a5b01c9f6e1b8b661cdff429a2f4d.jpg'),
(43, '25c8bfef5ebc27a430ae3b54290a4d05.jpg'),
(44, '57fe5729279d686e5f26de495eb3a89c.jpeg'),
(45, '7227a788a8cd6cb8924ff9c11362f658.'),
(46, '8da10b6b989934d2838a4e7387915ee2.jpeg'),
(47, 'a814a4ca153614cb0a57145baea4f3a1.jpg'),
(48, '09db13f4a182dd12f61af60dccc25978.jpeg'),
(49, 'abefe82f69781026a6b9cfbddfad4891.jpg'),
(50, '43111e28f9c6a43e24dd17bba00f25b0.jpg'),
(51, '8e651917745ae3ed052e5fa74f2f32ea.jpg'),
(52, 'fe13ba3b30d507a2a3e813c7dc36ace4.jpg'),
(53, 'd5df8c3eae77c452d964eae132f8cae9.jpg'),
(54, 'd6d8d7b702029b42f6db2a7b9c501db8.jpg'),
(55, '3dab445fc03fc59c8b170b528759fc09.jpg'),
(56, 'a611c892b9b043fb31554577e8ca587d.jpg'),
(57, '227fb279eecd840c2428e70bd4a0b7fb.png'),
(58, 'f71df4b0b337d4c8bf83b2e1518fff35.jpg'),
(59, 'a07117dfd3d9f9987b325fa844019117.jpg'),
(60, '5ffb05f6fc77ea7a728079e0c4f807fa.jpg'),
(61, 'ceb90b3725507dcd4669a0568528d583.jpeg'),
(62, '2d0eadc8049786d0a87235b1d8582f11.jpeg'),
(63, 'ad08ea9aa2c2ff0f085f13edf457991d.jpg'),
(64, '7951eeccfe8745e8ccbe338d11c7b570.jpg'),
(65, '52e4a683f4d4dafdbe6ee43b849a10c7.jpeg'),
(66, '2dad6e4423f2ed17b2ba08f49617cea1.jpeg'),
(67, 'c4dee7a378c409540593d670439497f2.jpg'),
(68, '354d3a6c75f33384c04c973ff684a510.jpeg'),
(69, '9fa36c73165dd05bc3dbe8ff89996d39.jpeg'),
(70, 'b8f3da46d2d58f7d3ca3df5a4cb38840.jpg'),
(71, '7ad18f33b47cd2a96b5703b6b6fe9890.jpeg'),
(72, 'ceb98b0a64d8ade08fc6a2081dcdc745.jpg'),
(73, 'e2d97cf9547d3b8a406fe213f7376fc3.jpg'),
(74, '40ff3c5689ade4400b96950fa3f19b38.jpg'),
(75, '98c07e6ea25ab36c356e50d361f16248.jpeg'),
(76, 'ff2baf25c2034ee5fc9f99316e0af48d.jpeg'),
(77, '0a84acebbe734595606b8ed47434460c.jpeg'),
(78, '70750e8ed4069cbe50c54135daa56d25.jpeg'),
(79, 'e9f10c7c1562185b208772e460d876a6.jpeg'),
(80, '08133b65257533f77c3aef1d6b99fe15.jpeg'),
(81, '46b8615f7c3c394b6acf473b8a01f881.jpg'),
(82, '85aaac812b158208192fa5ebf13fe991.jpeg'),
(83, '5ef48601a969a6e8026cf198a7df390c.jpg'),
(84, '3e94af44ca6ec861f0a36a0af878edab.jpeg'),
(85, 'a311cdb57d7dbba5bd54e20d2e6d8238.jpeg'),
(86, '9814a633dce61b91bed5473c8c057a47.jpg'),
(87, '2658f3046be3afebef970565ab58f068.jpeg'),
(88, 'b64b757e55e2fd0e307f03fcc4158860.jpg'),
(89, 'efce797c13a8547a77b439efbd16624c.jpg'),
(90, 'e4e141efa1e11c98cdfd09909213cc6f.'),
(91, 'bfe76821a51191a862eb6b207cb01bc7.jpg'),
(92, '180a95d55dad0f7fdcd0fe38eb7ae8ef.jpg'),
(93, '9c36f83abc9cd590610dd1f03111c8b9.jpg'),
(94, 'c48be2eeb2390cc5023c365d89ffe16b.jpg'),
(95, '84f7ea370b2897078728bf9ae5a42420.jpg'),
(96, 'f161bffbfff77d16c6ed3e581d3439a0.gif'),
(97, 'f941731c9325aaed25d8d1e44e47056f.jpg'),
(98, '2cf791825ba34136b016e8e53227fc58.jpg'),
(99, '227f7d26420d068e20ef039608b31c2a.jpeg'),
(100, 'd6df853380aa93954350f6205ad7e392.jpg'),
(101, '24197f6e9e7a2556f053558a85ff28a7.jpg'),
(102, '4bc756debe0aadadee7237d1a1cdf8d0.jpg'),
(103, '91e10aeda34cb4139ff15374c731d95b.jpg'),
(104, '6fe832e9351378fb7874862959f99f48.jpg'),
(105, '43d0c2c611452eda3fd21bce57cd6bf3.jpg'),
(106, '776b7d85eface36ff80cef7dc34830f9.jpg'),
(107, '1ede6fe156bf25595325521519e49c48.jpg'),
(108, 'd75d4b967fcc480815d8b19a4380b782.jpg'),
(109, '96784246852f37597433b8f485f58fcd.jpeg'),
(110, '1a7b42d0e21a37ddb7e02e281c6d485a.jpg'),
(111, '2cdb1724efadaf1c39d4fb43794d77f7.jpg'),
(112, 'eb274267a0ac231df7721431617e3a74.jpeg'),
(113, 'ea5032deb391806ceeb76b52d1f2a58f.jpg'),
(114, '13942967a84b540014e6b11f122c58dd.jpg'),
(115, '826add0c8b4245882f6a972c8cab00bf.jpg'),
(116, '37e63e84f23820f59e3dcefbc809eef6.jpeg'),
(117, '6ab376f81ccab95ce5db591698f4995b.png'),
(118, '180fd6e6691f7ae663d51462a25af4d7.png'),
(119, '9394d11f5b3f214d453d60de54363c2d.png'),
(120, '76d37c8146980f40e525595f84a3b18d.png'),
(121, '50ca52c6b65ea589b4cfda344d7c7b34.jpg'),
(122, 'd87afeb7fa8055cf1463eda53fc5fdb9.png'),
(123, 'edeb9dc6a0799e6ba1a05e550ba0ac71.png'),
(124, '90fb18e8f817db01b77b4c5cb9778337.png'),
(125, '7b91ce105cd10f9ac89f3e6c0c5f90f3.png'),
(126, '539dc1bb209c0b08c4bba14c705ab68b.png'),
(127, 'a067b1a393695f1c54ea263988c042b5.png'),
(128, 'e5abf80b65bdde37153371c5b3d27272.png'),
(129, 'f468aa02e05134c3a978f5e4c22ca306.jpg'),
(130, '66334d9a508fe7f72b091bdd217449b2.jpg'),
(131, '2094ddecaf438e0777bd2174a040f15f.jpg'),
(132, '3366de35108abce8ad02163fc8dec302.jpg'),
(133, '207d61594241f4927a1ac5d350126bad.jpg'),
(134, 'a8002b686ae55bdc0143159f10f939cf.png'),
(135, '0df3c4722fdc62853f73c5db1b02ded3.png'),
(136, 'f513485bf1ada0a099bb41a6c65ea1bb.jpg'),
(137, 'd54e0dad76f81a1d7124e0aacbc50c3b.jpg'),
(138, '9b2e26f79c188093db52d74cb40f158d.png'),
(139, 'a1f49a31faf871130ba3c1f13fd7d1b8.jpg'),
(140, '3e08e2d1813f86b1ad69b1f29254dfc2.jpg'),
(141, 'c28a539cca1377f0b60201d6c8fca0a4.jpg'),
(142, '4abca19ef63725e3f8424d415a197683.jpeg'),
(143, '60cebfcc1745f56f0dd77c8fcb3b36d0.jpg'),
(144, '95ff564078ba4798207265cedc4a2b59.jpeg'),
(145, '4a6d315f9a82713a38d90a58948b5510.jpeg'),
(146, '95b459547c361df27c04a657ae960b49.jpg'),
(147, 'd0ac581fdb19d9dd8891cdbcaa73a0a8.jpg'),
(148, '83dae99a1be8016ffecdbd1adf1660be.jpg'),
(149, '11c6c8c2a47a82d502c7557a797e75cf.jpg'),
(150, '20b977d0584c98aae5c7058a893458cc.jpg'),
(151, 'fdcbc9d4402ee441b1f65cd6c36a13f8.jpg'),
(152, 'd7f3bec25eb1354a13415f8db5ad348a.jpeg'),
(153, 'bd343d4f2008e51b3680376bb86cc89b.jpeg'),
(154, 'daaa660dac7ccc09bed733496c023d17.gif'),
(155, '946dfa997a6fd75b265c34d53bb4787f.jpg'),
(156, '44e0e13235db797aca91f3008d741b57.jpg'),
(157, 'a3f1351e80bd497f18cb3c8d60ea9ce3.jpeg'),
(158, '1c8fdd99033d29505bb7e454c0713d28.jpg'),
(159, '8e88c722bfff5c8812c2360725be7127.jpg'),
(160, '6517c797bdb65795a50a18bbdd6c0610.jpg'),
(161, 'debd5485b80d8efef0c053435e9609ad.jpg'),
(162, '00ec7deb8a7e9fbacab36651f52ad125.jpg'),
(163, 'd52b79829d4f3156add03afbf37c4adf.jpg'),
(164, '95050e1ac3af3bc268f6cc8080bdccaf.jpeg'),
(165, '940e48dfcec051263fce79707267dbdf.jpg'),
(166, '0f7cc7b2d6c8c05d378d16c96be088e2.jpg'),
(167, '726befcf2c9c1c66f461fd27d68558f1.png'),
(168, 'bb2121a27ec0470aa154999e93600848.jpg'),
(169, '037b0d5df0a2ff90290c870f582c7b2a.png'),
(170, 'e7bcc70edcb747c2fdbc00b7fe167dd6.jpg'),
(171, '782f5edc6187518a76fd2cd38167462d.jpg'),
(172, '6251bdcd7a07e3acf06470b1d1ede8e8.jpg'),
(173, '74a857e11ab835ae2cbaa36ea7dedf03.jpg'),
(174, '39d36132352f713d048268c9258e8a24.jpg'),
(175, '08f02cea858f1ada352a922228e174da.jpeg'),
(176, '4e9390a626e46f3320a80ca1da0c75e1.jpeg'),
(177, 'a9e81ef4cc652d6d850b562562cd2739.png'),
(178, '6105149b42c03edfaf945230b2534d76.png'),
(179, '266061581e30a2cd3064cbcafd1f2539.jpg'),
(180, '00549c5dac839524e681d3350260a67a.'),
(181, '83bfdc8b1afc6741bf8175ccd05cc900.jpg'),
(182, 'd9b35964edbbe38bf19dfa932bc3f2e5.jpeg'),
(183, 'cfffcd3a3140da9792f696288de40bf2.jpg'),
(184, '8372fdc9a1ea4980b78bb369902f5f35.jpg'),
(185, '8daaa5168552b80feb96a934d2eb597c.jpg'),
(186, 'b208e7231dcc5da72e72333f2a328232.jpg'),
(187, 'a9b8d2c59133d1dfa5b1ae6cbe7a0020.jpg'),
(188, '42e1d02de667d9577d63de4dcde9bdf7.jpg'),
(189, '0c9d00767c7cc118e5ebadc9d2f0f596.jpeg'),
(190, '5e86758e80b7a2a092bf170259e116e5.'),
(191, '501484e6854c5352187817a431d11f12.jpg'),
(192, 'e7947101ec1029c28bde5867611db4ba.png'),
(193, 'e0efa9db6c1836fc96d04896907b4c30.png'),
(194, '9e746ddfb5f2b4275ea6c97c17572ddf.jpg'),
(195, '5cb816faed8c21bb7d08d2be56ebcaac.jpg'),
(196, '15d1bd3f919d21aa6bcddf48f0030a02.jpg'),
(197, '3bd9e9dac71202dfcf26ccc4ab724aa1.jpg'),
(198, 'ca6ff0b47a1ae04c6f776359aaecede1.jpeg'),
(199, '656bd6aba2422abdba15c763ed434254.jpg'),
(200, 'e79f024d05ac332e150d95c17d5591d8.jpg'),
(201, '9399ce41e2b8e3c2738eca18ee9fa86c.png'),
(202, 'fae6b974da30e4c3c93388a6c735a5dd.png'),
(203, '47154dc3c0f3bff7aeb7aad28a8ed679.jpeg'),
(204, '347322ef7a9c8d5ec7b75d765c2b6d86.jpeg'),
(205, 'c6f04db1fef35f44065bf1c13b449f10.jpeg'),
(206, '716b1d2939bf37da216f34d8a493755a.jpeg'),
(207, '0e49f5f230b9a58b66a7576c00c5a469.jpeg'),
(208, '7f7201d13ea01665e1003b6d74b22ba4.jpeg'),
(209, '2b7c9e7e073fba98b746fa65b19a0b23.jpg'),
(210, '1be18b8cd7a0ec9be47d39a47a463637.jpeg'),
(211, '63136fbbd85813a99e5c8f07f2a9e9aa.jpeg'),
(212, 'd31eb44f1ec7eb3e429348372c10bded.jpeg'),
(213, '4251ed976d68466e263f0e2ee42e74ea.jpeg'),
(214, 'e93d0efe6dc06ce5bc364daf0e8dd0c8.jpeg'),
(215, 'c365edf445c6bb331e71a3a870f8f43c.jpeg'),
(216, 'c8cba2468738dbfd2eb7ce98ad0fa2c2.jpeg'),
(217, '87acb04a9631536ab29b34ff3758ccf6.jpeg'),
(218, '83fa4241764d99e3a45401ca311ce79d.jpeg'),
(219, 'c3b84888bc196b4eda46d305a0052028.jpeg'),
(220, 'f3eb9bc0ab74ec56c1d3cb331c30bf55.jpeg'),
(221, 'c9aa89bfb76cb259a12eff9f3eb5a836.jpeg'),
(222, '580fcd633f3c5c153fee64e1425f21e8.png'),
(223, '1a698b7293e2518a0ad114655d4f4211.png'),
(224, 'ec9ef0cc7cd6b7d8c47fee5c0c32e1d5.jpeg'),
(225, 'c7e5e146c3ef29083b5f9a3a0fb44a42.jpeg'),
(226, 'd6f2b83c9e38561186c8913a0155f198.jpeg'),
(227, 'cdf5feae0cf47d99fe3168d3601bd90c.jpeg'),
(228, '619727c998abb6e56881237ca178f1a6.jpeg'),
(229, '91462a1407d7449802d7fca650783bab.jpeg'),
(230, '38cdee15410f987cfff7015a65a036c7.jpeg'),
(231, '186ad7eff0e36483636a7cc2af4ec68b.jpeg'),
(232, 'c9c881faa2dda06a1bc8050763ce10c1.jpeg'),
(233, '508794a9c5a9b9095787806109d6490b.jpg'),
(234, '26e703ef8f7d12fbdaee50004032fe85.png'),
(235, '327546a8b458e80c201cba7a6dff78fc.png'),
(236, '3c94e627ef037f96ac38c805e8864bb5.jpeg'),
(237, 'b99bca7e9833b312f1a62a3017819dcc.png'),
(238, '2bfd9b02b65cf2ff9ec6508ac00d174f.jpeg'),
(239, '22cb69fd49274b6c3333bc386d5604ef.jpeg'),
(240, 'dea742d6067f40fc32dd034282705bd4.jpeg'),
(241, '7af369f832a5d3cfccdddd65d8fc34a8.jpg'),
(242, 'be982cc4505e3285f815429f0a0d326f.jpg'),
(243, 'b711740de1ee23166a16b9a4f6a99ea9.jpg'),
(244, '12dec76cd088cb714cbd85ea2240c012.jpeg'),
(245, 'fd942fd6d501f65664e2fd58ad4d1bf4.jpg'),
(246, '900e2d05500a41c289ba99b5c7bfbcc2.jpeg'),
(247, 'b4b0be14f3214c78749f05b24d4b5a38.jpeg'),
(248, '5754dba5b88d31886b850d2a13c89bc7.jpeg'),
(249, '81d00fd5614ab485ccc63d223844bde3.jpeg'),
(250, '1d77d85702252a28bbe7719acbb1a8dd.jpeg'),
(251, '595191e8b730032da3ead4d40064150e.jpeg'),
(252, 'e0d1b706e9dfbb34a695a98df12e56cd.jpeg'),
(253, 'f1d5f478b02ec21af8f3d7b22fdbfc15.jpg'),
(254, 'd6ad24d98b609dff214460fe4d981cdd.jpeg'),
(255, 'ae6c89798696c2cae9dff94e70c4a6ed.jpeg'),
(256, '35f0b36f6b690f071e4568cfa2775b13.jpeg'),
(257, '5b36972d5270487181ef06058206f21c.jpg'),
(258, 'f4eeab3b7591bcce6fe6ae0f473dedee.jpeg'),
(259, '72f2d3c76071adc24032d945b69e918b.jpeg'),
(260, '987280ea20fd46dd85b8159c35732270.jpg'),
(261, '6513deb34f7b4e18a6bf0f9e789626d3.jpeg'),
(262, '8f2e926c7fb8e995205f5656be00f62a.jpeg'),
(263, 'd5baefdb890abb85a903e964d94ba1ad.jpeg'),
(264, 'f1799b58a7d7886603238d5b7885b6da.jpeg'),
(265, 'a233417ad85f74e71f25176859aceaed.jpeg'),
(266, '98132b9858689c93f9be505ed15fcb9d.jpg'),
(267, 'cccf0a4cdb5be222ed89546e0d5e40d4.jpeg'),
(268, '6e94fa2c6b5cdb49a4af45296b3816a8.jpeg'),
(269, '2d49d90a5a3f22474f0b63c195ff54c2.jpg'),
(270, '18febfdd9a0499999a579d2b9533e0c3.jpeg'),
(271, '171c93da4c0ed94795103d04ae0a77e5.jpg'),
(272, 'ee873dc1819d7659716c1ba0c44bba01.gif'),
(273, 'd8d7ef8bea8b205428d2e697991ea9fd.jpeg'),
(274, '8d5967c7dc3c806a570d31d3849be66e.jpg'),
(275, '5e356b43023f20b4ca2da636e5b730c9.jpeg'),
(276, '945842aeacc1262568e6b0553a577432.jpg'),
(277, '783c65b83e91bc1e1479055767dc21e2.jpg'),
(278, 'c2549f0827d3d89b2ca1afb216d4def8.jpeg'),
(279, '0c4848718b53bbfea4bf82550eafb239.jpeg'),
(280, 'b7dfed3e1c1d097f3a455318aa639d67.jpg'),
(281, 'f8e2810cef07013b807ed5e2fa214c29.jpeg'),
(282, '618c605d5adbfeb71b541189a0e74b88.jpeg'),
(283, '4a392097d60ef698e969fe6e750ea8b0.jpg'),
(284, 'e877448fca033b5ce8265793656f08f5.png'),
(285, '150346de7776a4af72782acd0da672ae.png'),
(286, '5a7a64d6ba918e52556b359bf1b78582.jpg'),
(287, '22567fbfe888e573263e34af04e9b9ac.jpeg'),
(288, '6014b4b07115f48ee2ba7868ff757a85.jpg'),
(289, '1f56acad30666794d6dd21e6c79135d6.jpeg'),
(290, '14e2c832725e5e21004a9f68e3e7999f.jpg'),
(291, '17b5bc7303022785c94d8c24450d6258.jpg'),
(292, 'd7e4ae06a670cc82d8bbff5ff1cf0234.jpeg'),
(293, '1dd8a3caad130256699da4bf3ebf6ec8.jpeg'),
(294, '155f464c1eff87d42fe24a4c6839976b.jpeg'),
(295, '4da0ba2d070b8a07a3eb37bd92822442.jpeg'),
(296, '29d11695b3310fb08a25e1e1635f604e.jpg'),
(297, 'c5e9052184f75a99157c535740c721d0.jpeg'),
(298, '5deb47aeb6253bd9f0d0130eee138344.jpeg'),
(299, '8b556da775bf00b5e34a600218c1ec5b.jpg'),
(300, '44f73f8330d61a37ee4335ba33639260.jpeg'),
(301, 'fa0b3dcd82fa959e7444bd0c1e1643bd.jpeg'),
(302, '9835bea529e8e3fb11680b77fa82f65d.jpeg'),
(303, 'fdf5eeabd3adae1c5d285dfa225c9289.jpg'),
(304, 'cc78bc53cbca43e9cafe4cb48a22fd38.jpeg'),
(305, '4607fb8f701560379081ccab945e989f.jpeg'),
(306, 'f6ca7886a9ab700e98405e72a56ac8b3.jpeg'),
(307, '70e9aa2db09290e5f8f5bec0e5e51000.jpeg'),
(308, '048f6c6358e87777d882e3898835f983.jpeg'),
(309, '2f2416bbdb5cc0a5376c3c312ee3b191.jpg'),
(310, '3f70a0b0aa94107f60c3fa4de3193783.png'),
(311, '559858503985714e2981351706bd3082.jpeg'),
(312, '0df9bec3f8e304f1b66d5d0425d630a9.jpeg'),
(313, 'ab77816fd7fa82b502ad464a41c21d4f.jpeg'),
(314, '3e8ac55709f657ea714e6d2af00a4603.jpeg'),
(315, 'fd81dc614665e4c72c7d0acd31b39c93.jpeg'),
(316, '9a108691c88671a01bf802ea84f53563.jpeg'),
(317, '97dc72057d1c5e876d394c0edd9574d7.jpg'),
(318, '733a7ceb084843bc328f2d1f03cc5d20.jpeg'),
(319, '8cc2159dc065166244b022ce9275b4c7.jpg'),
(320, '5f7ba51902f22d184e3779509662451a.jpg'),
(321, '0615b9fd7d2b780371db02a26e2a9c6a.jpeg'),
(322, '311b784cfd0162bd84c96e2ba32e0cf4.jpeg'),
(323, '4de721b7286703eac3712ce503ce1b45.jpeg'),
(324, '51660d2a364665a6fd9bc415a4bba793.jpeg'),
(325, '31081e4a428f82193754acc84877b6bf.jpg'),
(326, '6e0aa8c280fbe7a478802c988d14bf95.jpeg'),
(327, '7ed9016e201c2ded9df00ea3fa8867fc.jpg'),
(328, '4394a20fa198c9e42e5732de4eaedab7.jpg'),
(329, 'c36208eb43ad84d7d13edaf0e35e26e4.jpeg'),
(330, '5a94bc761ffa7cfb1549f13ff64a9faf.jpeg'),
(331, '9381eaf16da60e13a9f126fb702d37fb.jpeg'),
(332, '90bb301bdadefbbe564fe6a5f826d507.png'),
(333, 'a1fdffa7963d16aa510dddfe48a230ae.png'),
(334, '3499d364e0b0edcb40cf4d521a6733fb.jpeg'),
(335, 'c3cac437b8e156d48d947b3172f92f3d.jpeg'),
(336, 'd5a0068e2c47e45dfd014867045863ee.jpeg'),
(337, '842fe16d78f68bd94409b5e3f75bff41.jpeg'),
(338, 'a99d72ed8fdbad86d1cd04a5c524a2b0.jpg'),
(339, 'c03b9ca2757e19089f8528e27565cac2.jpeg'),
(340, 'd58ea1625a1c19e90a6a5f1c72d9fab1.jpg'),
(341, '140617fabeb3b30c0b88ccc94769924a.jpg'),
(342, 'ab9528aa058b934e0f2dde1754b42497.jpg'),
(343, '7ad90543076d76fe736b4738d1a0e0c6.jpeg'),
(344, '64e84e78ad25358e2635fd8f9bcd3fb5.jpeg'),
(345, '030430116ea5639f1b433aec5c948de1.jpeg'),
(346, '8ac2fd0e43f840aa513c08360265bbae.jpeg'),
(347, '0c3439ddf8b1d7790492a1760c8fd975.jpeg'),
(348, '79f0b0692dffe8ef3977f0fbd46b1cd9.jpeg'),
(349, '1d561b162defe8bc737037413754aa2a.jpeg'),
(350, 'cd431a505599978f3f211da0ab06c3e4.jpeg'),
(351, '84eb1f36928ce8064c7f5b9a88cacd19.jpeg'),
(352, '2e130eb63fc938d04376cb702d471839.jpeg'),
(353, '3bba3bcbe4f0c9df6ba7cd06c863f627.jpeg'),
(354, 'f626f4443548f8b6114309afedc7d4e3.jpeg'),
(355, '2f4bce394a8bfbae3d03fa385c11af71.jpg'),
(356, 'e1956e7e6e45d3cb84df654b352e9654.jpeg'),
(357, 'fed954926f5320466bda8a5fd1f3e277.jpg'),
(358, '49d56e66f63043c8e1d6b489dd760372.jpg'),
(359, 'c5c5ebd76082deaeb13a1e55a8c49735.jpeg'),
(360, 'ec9be7ce2b17e6febfe5df90792d9310.jpeg'),
(361, '06b00d4bb1b3bf8be82866b5cba72430.jpeg'),
(362, '0bdd3d9fe6dbc73165f69f7d4e5ccf9d.jpeg'),
(363, '4ca53a4c7dcb495df64a4a5cf83171ac.jpeg'),
(364, 'fad967b52b8b1bd62800715f1ba72ef6.jpeg'),
(365, '5f45612db3087beab822704e98c6ebc0.jpeg'),
(366, 'a7a4e7bcbc31cc39c4948a6ec2d23f8d.jpg'),
(367, '2e6741b8a3930f84db99b5a35b16171e.jpeg'),
(368, '5168fe9aaf064dee797d9e8f17d291c1.jpg'),
(369, 'd34bf9f1ce7ec4264622d9332c2f0bd6.jpg'),
(370, '4cae8a6b09dd2c2df538f92d8d52aeef.jpeg'),
(371, '237b9543165317358328c44b7cac7cfc.jpeg'),
(372, '3597a7f2581166695833ae8e0e34b724.jpeg'),
(373, '520ca0bcc06083281aaf1561f4b997ba.jpg'),
(374, '17402dfa270029a89fb35d82c8a4a515.jpeg'),
(375, 'd70946b122c7b4ac65cc879e664bbdb3.jpeg'),
(376, '6c727941892cc292a95ec0eba6e29d27.jpeg'),
(377, 'afab38df15ed1d2f64d27aefbdb95c20.jpeg'),
(378, 'a595dfaf2899c3523a9d842986fcc60a.jpeg'),
(379, '828855b8c695f6f9d9f3debd2ab1f74f.jpeg'),
(380, 'd3dca6d8f4c2822d9f3c424b3efbe295.jpeg'),
(381, '97f2f68b72dc32248c09722ebf05f94a.jpeg'),
(382, 'bf1907358a60b6ccd9fae8415b13f6ba.jpeg'),
(383, '037064fd7917da4b689b8e3bd85c2450.jpeg'),
(384, '9e5d07d3ed5bca0993b72b7150930878.jpeg'),
(385, 'e9173c5948d18f94952227043e4532d5.jpeg'),
(386, '83c05074f21ae8a6098c5b061ff4e6a1.jpeg'),
(387, '62aacc19da2dc3cc153fb9ec3cdf2f7c.jpeg'),
(388, '8fffbc2f2caa70d211423f1424f54fb2.jpeg'),
(389, 'c88da9f42807437de87bd5c703a34b4c.jpeg'),
(390, '1291914ada63d5114398d02ceb2a7350.jpeg'),
(391, '460ebc73cab577fa63947f7310ba357c.jpg'),
(392, '973cbb6722b5889741c00742d89a2f05.jpeg'),
(393, 'a84bd70e75168ccea3f1a31a36c08264.jpeg'),
(394, '1f0d06a3986081e21e96d487320b1b55.jpeg'),
(395, '21ee1a5b4e0f73d8e1f4f109235929d3.jpg'),
(396, 'f7effb6a51b30380ae7cb217f244c8b8.jpeg'),
(397, '70fa250063b32852c2c7e27b5d52e5e4.jpeg'),
(398, '55ed42b722d647caf764453e4aff4c92.jpeg'),
(399, '09ef20abf96949a1808702b0ed342f03.jpeg'),
(400, '38dce2c631f1bd181a99d7f3765ff8fd.jpeg'),
(401, '79d332df5b7cb740452254cf0e9d613a.jpeg'),
(402, '9be39751335892cb61114c4f184cbfef.jpeg'),
(403, 'c9d2f55b5af73381327130a09269a845.jpeg'),
(404, '16c9645a0ec2d8c87b2c7cd3725ca784.png'),
(405, '55dac2c84718926f77dca20d5cad8165.jpeg'),
(406, '43c0dd7fd17f22b8d1b14bb4d57ffe4d.jpeg'),
(407, '77a6fcaab9f160e83b0968afa7a7b6eb.jpeg'),
(408, '6aada9211bf22c1304039ed487858440.jpeg'),
(409, 'f53eeba808b4813f36e491c990076051.jpeg'),
(410, 'db8d18420226363470a7168f118c9f23.jpeg'),
(411, '5526981b5b6776d7272b943289c93984.jpeg'),
(412, '730638d3bf7d37d32475bb2224ea85b0.jpeg'),
(413, '2ad37d8a1a4329c45727a57262b796ae.jpeg'),
(414, '360fea5cf0d797b3582a7ebbb5c70613.jpeg'),
(415, '368425179be22315470d3f3cde25ba2c.jpeg'),
(416, 'f839462abd17853daa988acebfdb0b92.jpeg'),
(417, '88ff564c04867ec60415da86543bf945.jpeg'),
(418, '8dd75a50b99fc6467f3165c066abd336.jpeg'),
(419, '564ddc65ed21df6899e9bdc1ca5576c5.jpeg'),
(420, '9a839038c2b80e5e01fbd0c50a6b9513.jpeg'),
(421, '5983ee0f321240b68b7e23cc1e231f3a.jpg'),
(422, 'e289d1c103bd38bb08e47ccf09870592.jpeg'),
(423, '71af3d9a74217158622418f9463db00e.jpeg'),
(424, 'a57693f9647ab556e98d37c8ff658360.jpeg'),
(425, 'ff3f63ad17d6ee27394ec022bf4659f2.jpeg'),
(426, '28fbaddef82433b29bede1b08f9ef4d3.jpeg'),
(427, '1d12cd11acdfadbb5d528666a08f39b1.jpeg'),
(428, '929ec2201620761d98d58d55687a230f.jpeg'),
(429, '52aeeb85779c1c7825d67534b699b7ef.jpeg'),
(430, '569114fcf04c319ab7c8e02fac0b4b54.jpeg'),
(431, '2190cd300734a8c35e4f071cdfdee976.jpeg'),
(432, '786415c14af0e0522eb73b577a6baa97.jpeg'),
(433, '714abdcd7ba6b449d8fdd68b8b9d0070.jpeg'),
(434, '87e8b3f851aee569601dd40056d4c60e.jpeg'),
(435, 'e70a0bc5b595f69b0282ae06800e893d.jpeg'),
(436, '8a529de84c179f01920a9896f7a77c41.jpeg'),
(437, '4319c1b7e694bbcbd7dfb8a408ec0ee1.jpeg'),
(438, '065fbe680e29e1344cbd42102eebcab8.jpeg'),
(439, '285d1f0e7aab0d2cba3f3fd8670e0a23.jpeg'),
(440, '18794639549af2b1f5418805f795fd72.jpeg'),
(441, '7d470e62728f30a4c3f7298245247e4b.png'),
(442, '7af8ea287823ff751687e3aad642b3b5.jpeg'),
(443, '3c7c280664f2546e0873e7ae00d8f7e4.jpeg'),
(444, '50f4149f764f660afed62f8674ffc4e5.png'),
(445, 'd4de291f60ec8e2869b801d5ed463ea3.jpeg'),
(446, '4330150d46d3ebe45065907923fc4024.png'),
(447, '676e3bc3e3e9d3e84c0e5734d9a79d46.png'),
(448, 'b1909bf527ed08cb3bd9769e596a972c.png'),
(449, 'f3545e1f1c594ed27fbb5e889cbd1836.jpeg'),
(450, '8a4fe98c5184d3838d8a8e4885c742be.jpeg'),
(451, '6458fcec7618332bd6ea5ca33cdecb51.png'),
(452, 'fde32ecf14839a3030450ce376ae2939.jpeg'),
(453, '1197dc7e76923254eb92a629121e0f06.jpeg'),
(454, 'ca1459c853668a660c55a855998bfc07.jpeg'),
(455, 'f34ed08c2c47d41de0e03221c6a6892a.jpeg'),
(456, '6fae90f861c348ae17725f861fcb5dd8.jpeg'),
(457, '95caf9297148d5a761d7077c13c1f34d.jpeg'),
(458, '34a1ee6b5523ca92bde6b3845cf77f6a.jpg'),
(459, 'd3d44647be1252c3122ce666a4c86414.jpg'),
(460, 'b3cac8a3f3702ff0928ed64e6b65d227.jpeg'),
(461, 'b8c661d162ad508270d41d05636502a6.jpg'),
(462, '1fba75e66ca492bde79d933a53986847.jpg'),
(463, 'fcc599ce7bd193b4cc32b14ab64edadd.jpg'),
(464, 'fb36970d5ca8897fffcaf304cadb6584.jpg'),
(465, 'db93d7293151d30326dd4b99b128af78.jpg'),
(466, 'e5109c2a0e80c50d0b36ec3a9d2dd32c.jpg'),
(467, 'e03ee209446c66ffea6406e2329dae1f.png'),
(468, 'a95a1046223b9dfb32d1c38f937e77cb.png'),
(469, 'ca096a6aca8c4096369e69751b9f3487.png'),
(470, 'ced90b1da9d219d89e4995f49bb4aa61.png'),
(471, 'eb9879da96a2dfaca2700925d83b6b72.jpg'),
(472, 'a57f50d7af13bf9a86f2f4266bf9dc7b.jpg'),
(473, '2fc07a614e79b4d09e32068014b128a5.jpeg'),
(474, '11c012097696271b82a5a570a413fee0.jpeg'),
(475, 'fe6d4c749ab025d2794fbd55966a20fe.jpeg'),
(476, 'df8b88aa4f24a61652cea1cbadd4bcf1.jpg'),
(477, '8159b325d0692fb0f357a4e90d468a93.png'),
(478, '5db151079c194586c1ab6c17bad9887a.png'),
(479, 'c1173eabb349d5867452dc3801e3b64d.jpeg'),
(480, '63c38fc3de5284a5b878b511283a5acb.jpeg'),
(481, '994c665a2729ad7680d2f10b90529b53.jpg'),
(482, 'f2e221a8e13e689e96726ecb7bb3920a.jpg'),
(483, 'fb11672791244301d1b5763890e23091.jpg'),
(484, '68b52d896cc716ba8b0b6f6f007874ca.jpg'),
(485, '2d2e6a8c31422f11d8b9b19fa6406211.jpeg'),
(486, 'd9c53320adab1be69b66d03be72a98d9.jpeg'),
(487, 'e250f91ec3b473d93aa70b348e4691f5.jpeg'),
(488, 'bdda7acf2b9aaa960ab1a5a5133324b6.jpeg'),
(489, 'c9026e878863b358ef655c43bbaea231.jpeg'),
(490, '9e5bd2579a2df8a0a355fba926c1ad49.jpeg'),
(491, '095dada48f7a821ca9f904422c701437.png'),
(492, '06cb5cad6ef523625f97bd0e3dc93339.jpeg'),
(493, '0045cb0794934dbc7f6e240798992af0.jpeg'),
(494, 'b6221c5fdd59fcb42576397c51f7601c.png'),
(495, 'a6a50caa8c6e963b9d1771b6ccff33b0.jpeg'),
(496, 'df1faaa3404b733258bae005fe46a9b6.jpeg'),
(497, '3da61c81fb2da8ed1d8b8b8fc0cbefbc.jpeg'),
(498, 'dbc6e00a8a4c7890e638a6e95d49ea5b.jpeg'),
(499, '9ad7f09ebc7165f2cb6a5690b7e4a7bb.jpeg'),
(500, 'fd83ec8393508bea0a7a5329695db37c.jpg'),
(501, '6934318fd75236eac14075e56c378709.jpeg'),
(502, '1ecf14381791f6e5a853a1952abb0a6e.jpeg'),
(503, '7271546b4918c6e0ac464218323d7312.png'),
(504, '9fdb8cd4f728eeee43df01c2bf7c7c08.jpeg'),
(505, 'f0dc4fd030097df4ac9b22c516cb3cbe.jpeg'),
(506, 'ea06f89916d08468395cb2985e693a81.jpeg'),
(507, '2313f05efae245531553acbc2d4a8de7.jpg'),
(508, 'cda91499ec56dc1b45387bcd6e030947.jpeg'),
(509, '5c7e12d4292b95d1e2e433d48bb5a2f1.jpeg'),
(510, '79b0dd3c3ffed779e48609403d9b5245.jpeg'),
(511, '37c010ea77bbb4abbf942d53f845aefa.jpg'),
(512, '77a18ac5212718c77706206266e4dedd.jpg'),
(513, '2f3d67edc7c88414fa174bc9f9d2c761.jpeg'),
(514, '32aa7497a63e810eff608256dd43262b.jpeg'),
(515, 'cec342f8a6a5f79fe9a4c73ba5d42f15.png'),
(516, '8409042f21eb05a7727817543d4d5a7b.jpg'),
(517, '3edcd251e4a126d74a0b7a1f8e41c506.jpg'),
(518, 'f6f61e5328a19b27b950e8c332368b22.jpg'),
(519, '8acfaf248f55c6c03f37541eff309de9.jpg'),
(520, '11a052cb7f594c9e9757520ebb020517.jpeg'),
(521, '9ec588ada0b9ca83958a87f496d8b462.jpeg'),
(522, '5850dd224db83ac620748fa221dd8e18.jpeg'),
(523, '1932f798efcb4beddfe92f8bc0df01e0.jpeg'),
(524, '149fdf2c793de6fca323bf64ba8766b9.jpg'),
(525, '9866892649cd380868aa337907bd48c3.png'),
(526, 'fbbf173903468b179313fcec3d90fc22.jpg'),
(527, '09b91f0a458ddfcfb6cae92176788e51.jpeg'),
(528, '8c6108f2bd08ccf71f982740891b1f64.jpg'),
(529, '53be33d1cc63b1dbdd8ee3872686d369.jpg'),
(530, 'db72122c114b8ba6144c66a121054a07.jpg'),
(531, '35b03c5964d86b4b899b20bab53dd9e7.png'),
(532, '5886d3c53fadda71b78da6fe5d90f564.jpg'),
(533, '52063d6ee96c1d80700861d93250bd0d.jpg'),
(534, '634176d425062f5cb01926d2676012d8.jpeg'),
(535, 'bf019953054889d445cf0fd2e3c95259.jpg'),
(536, '732ed19c8d61b67c2831803888853213.png'),
(537, '391553e12dfe5d0c4abd7372d70fd3de.png'),
(538, 'a64bee18d7a6681a09a4e0e637441d4e.jpg'),
(539, 'fcb480e3ed2f6d93036b77100be9e330.jpg'),
(540, '9daf448f9f39cfe4c45700a751366429.jpg'),
(541, '3a34f45c34c99b47b09d16ec4d89886d.jpg'),
(542, 'cd2fdd0edb3d4df297e33a09b9ad75bb.jpg'),
(543, '242d92ee592270771abd5bd31541c3fd.jpeg'),
(544, '9d67e723a4e13aa9e7fb2a905e0ed8b3.jpg'),
(545, '37b78ae8c4d70de1f68c6f23aa630978.jpg'),
(546, '48370b0bbe4a006f3248a7f1c55098b6.jpg'),
(547, '7535d1547562535b916d0970ae5f5853.jpeg'),
(548, '6746812f209d0b191fe7966819cadab3.jpg'),
(549, 'e9b36882f105fde7072e81ab4082b53f.png'),
(550, '9df9d2e42d8b6eb7a35bc839a006690e.jpg'),
(551, '885dd872a9dabf53c822a3b5184733a4.jpg'),
(552, 'aa9af4bf1b2151ac53899ab844df1f43.jpeg'),
(553, 'c3e6b1ece59d3da930f1e0168cc6c42d.jpeg'),
(554, 'ae7197db7f12938008c7b325cda869c2.jpg'),
(555, 'bcfd525e4a4902c8acfeb7a01b2c4237.jpg'),
(556, 'e1b1438ab0eff993718a03ee87b95823.jpg'),
(557, '1a907c4bc07017b8cff60b8f2fc652a0.jpg'),
(558, 'fe8cac18f734c8309ec2b4adc9057215.jpg'),
(559, '865ccad69bdf1886ffab7b0381a8e72f.jpg'),
(560, '501f87b8a5bef012664ddd225b6988c2.jpg'),
(561, '3de5bbfc4b6f21c1dd318a97a2b14ba7.jpg'),
(562, 'b4c09fa282dfe4e1b5205f05953e4db5.png'),
(563, '173f1764fcf31cb2f761d3368bced77e.jpeg'),
(564, 'c6189c00eac73e726cdd186bb857bacc.jpeg'),
(565, '63bc50fc4aa6205fc5211f8c7bf42e55.jpg'),
(566, 'ab383627b1a272fde717175927403c19.jpeg'),
(567, '14006aaefba354aded5970b679ae2884.jpeg'),
(568, '503354aa3abcbe690a12cd585eb72a8d.jpg'),
(569, '2f704ca8952374bf5a875844caed5614.jpg'),
(570, 'edadeef7100a4bc1eb02bd35ecbf1e68.jpg'),
(571, '20e3809805eed8c20d4235be15e1d3ca.png'),
(572, 'c2c2d1435913b2e6149a16c15762bb1a.jpeg'),
(573, 'c3f4cef15ba0bed03c32c85539ab2310.png'),
(574, '53a4c23ed51c08e173b5864c5eeea3f1.png'),
(575, 'f42141230100d61ad8094e31a1431916.jpeg'),
(576, '9ac10c8f5d9dc8219590a9b07e299876.jpg'),
(577, 'acc1a6bc6da493eea426ebf22b9d6772.jpeg'),
(578, 'd94bff5fab5a3d5f4cfcb8d592b6bb89.jpeg'),
(579, '142185c31ea84156cf0c373993752b6c.jpeg'),
(580, 'f59348daf2dab48d04706b3996d47fc5.png'),
(581, '07fe130068edab30225b94bcc3e1bc12.png'),
(582, 'f006cee653d3928b247f4b9b1101923b.png'),
(583, 'aba875e53b4ee08dbad8623143d3cbe0.jpeg'),
(584, 'c391a5ddaa80de5d73faf286995d32b2.jpeg'),
(585, 'd4ac16334993e25cb9379d5e27596aa6.png'),
(586, '4463352469a8d2293149bc5aafda422b.png'),
(587, '55b18a9d2b3d4389b05623016b3bab2f.jpg'),
(588, '99f8c62e9d683390e3efb44bbc74d37b.jpg'),
(589, '7c368e5c4b61a7827e43f6ec4f55cceb.jpg'),
(590, '005e65c3a55cb5add91ad7104258506d.jpeg'),
(591, '43db6c7ff1dbe6f1ee2a8c97290b35a9.jpg'),
(592, '60426b619408000e6779f49c6e823fc2.jpeg'),
(593, 'b58ca069d4cf8e64be22d97962c30a77.jpeg'),
(594, 'ac3a98ceff198979366aa0f31e4d48b4.jpeg'),
(595, '08f284dcee885ca1598102a269cfcda2.jpeg'),
(596, 'a41d0141a553f8ad22dac3acb9ff4786.jpeg'),
(597, 'f4324e6e3134a4afd6690145336dfd83.png'),
(598, 'e47c54f2448841e6e68005256aaf4a0c.jpeg'),
(599, 'fb6f91132a5bf30b96df628172dc9149.jpg'),
(600, 'ee6ba46998904d8c032d97a827a4b8b5.png'),
(601, 'd5af846ccec3bb53ca06a6cf7b83630e.jpeg'),
(602, 'd30eb1316d8977574b751c21977f9c7a.jpeg'),
(603, '96ad3e2bcaae87f12b89125da56da515.jpg'),
(604, '4dc9462d621f1910eab7d0483440628a.jpg'),
(605, 'd6849fbc3f824f248763848e928ace87.jpeg'),
(606, '37b19443e1aad427a937f3dd32fc8e5b.jpg'),
(607, 'f781a72a002aebc19e55145b186c80cf.jpeg'),
(608, '9c422140e51ee8101e0af37b0a8fa84d.jpg'),
(609, '1e93c0972b5336d760e573470cd19847.jpg'),
(610, '5f793f304b601fd4d892889a04ff0c3c.jpeg'),
(611, '5a76431578a3ae3faa9a77504432b9cf.jpg'),
(612, 'eccf33e3af7e3097b89d8fa2f07a8150.jpg'),
(613, 'a88bdfe6347acd95f5f7211a6bf4e104.jpg'),
(614, 'bf4eee125e5b209b14c38ec77dd42c3f.jpg'),
(615, '446e343d6401dcbb8a249b842445fb05.jpeg'),
(616, '30e45df384dc9b925901f3e236c50184.jpg'),
(617, 'e889ba9c88ea3122179c69d9582b1d38.jpeg'),
(618, '1c077375b11303b69d06e6765210faba.jpeg'),
(619, '373f043fdc6d493c90673c611b8f9b14.jpeg'),
(620, '68477a3b2581e4225f8a6a2ad6ab3a4d.jpg'),
(621, '5f947d5af3b385887bb94206c521731a.jpg'),
(622, '2c76c7ecc27a4417c1dd55a5ee268023.jpeg'),
(623, '7ec348b937ec32a5c195b1f550e9013f.jpg'),
(624, '1d906d32ab2f9f7b9d00cae7798f221b.jpeg'),
(625, 'f8f7a6bf1af5b1ae1b85f782dd4c11ae.jpg'),
(626, '3b102062a3a7cfa5ca5d713cc37aa0ab.jpeg'),
(627, 'fa05cae148bdc3749bf2a0eaa2259677.jpeg'),
(628, 'c4dce4b38dd4a5a828c6254c2a778787.jpg'),
(629, '83a947cbd007431690dc148119c75123.jpg'),
(630, '048706c7626fad82ec4053fce4720e93.jpg'),
(631, '867fbf0fe4813423e0d3d3b3b852bbf0.jpeg'),
(632, 'd7894b3c07247d9b15db7a2a6b528ce2.jpg'),
(633, '1bb57cb9553f48e54375473faf7557de.jpeg'),
(634, 'f4c9e3ab376b6514ec9aaad6434bc19b.jpeg'),
(635, 'b76c23ecadb6f78f5e5f8d7c80674bbc.jpg'),
(636, '0f90b9f3e596b896ad92eb4c6e95dc35.jpg'),
(637, '50d4d335945cb575faa178dc336ecc47.jpg'),
(638, '4e1cdf795d6c74dc020ae95438e90f9a.jpg'),
(639, '28b3fa1618ab2040845c6d97be02353f.jpeg'),
(640, '18b4317ac80e0986aa0d89bc6b06c3c8.jpg'),
(641, '33c10c653e4f51047315182296516287.jpeg'),
(642, '67fc7385a92d9349f933024955605200.jpg'),
(643, '1c5813bdb2029885c47efc401e3e7e93.jpeg'),
(644, '0b3f9bfb5426ebe675100c285d765db4.jpg'),
(645, '1b8740433d69a814cd6e872f98f30350.jpeg'),
(646, 'b2b1c78a611f54486da32d04b0e42c66.jpeg'),
(647, '32d95e1661efebefbe8ee82aaa4e1d7e.jpg'),
(648, 'd3a4c4f7cda8e9650cf1223ad8a08058.jpeg'),
(649, 'b8b7ea2c88ca395159f0b6a129a0fab1.jpeg'),
(650, 'a53383a2eaf69e65b0db7e140f1b6afb.jpg'),
(651, '5672e53f9ebb6f0021d25559d47caf2c.jpg'),
(652, '755575416de999091d310d3233bec762.jpeg'),
(653, '1d56730d16a3c28da12af8ef461b88b9.jpeg'),
(654, '0a17c5761cae2efa1cc755490139f78d.jpg'),
(655, '5e11f1259ebbbe0ebf08ea979f94774f.jpeg'),
(656, 'a8a66f8236ad284d5b84b2262c3d1391.jpeg'),
(657, 'b582e3d8da010c1ef20fdbd9335450e1.jpeg'),
(658, 'de0b053c396183661746e63beeaebcec.jpg'),
(659, 'c2ba0240695182e53db747fde21664bc.jpg'),
(660, '33f91b94ef4c9f0f468532d19be25d89.jpg'),
(661, '0bda7955723e5df08f9ed131b4d4a72a.jpg'),
(662, '26d1b99238a9ee46f18087ec63b7b836.jpeg'),
(663, '578cdcbd12483602aacd5d91ee36ded9.jpeg'),
(664, 'd049f64816b8d232473cacc55c306c64.jpg'),
(665, '15fde41191530bcd55bc8e45cc2eac96.jpg'),
(666, 'e725d50d3070fbf528451c459bffa2db.jpg'),
(667, '139831e5c20ce29dde8daa441719b4f6.jpeg'),
(668, '28ec9e6cdfc9b4cb1b108586c510832a.jpg'),
(669, '5a85ca144d12e9398d91f22fe022663d.jpg'),
(670, '2c7fe3960701539dc4ef503a3af8b991.jpeg'),
(671, 'f0ec221dff7d734322bd7d61c7d389f3.jpeg'),
(672, 'e57aeed05b0b5b75a141f61c583a62b3.jpg'),
(673, '6aab004737762778000376f307592444.jpeg'),
(674, 'e0df05036cbc7229af023ad073871f8d.jpg'),
(675, '49dc07183c6a4df0cd143afe69035f72.jpg'),
(676, '0686210c5c8c864d57749ed0bd51c029.jpeg'),
(677, '58fb3344bedce62f596f19ad9142cba6.jpeg'),
(678, 'c649162dd29d80993f538ddb3ef9e159.png'),
(679, 'd8d997267f4b70a61cb7142b738e3636.jpeg'),
(680, '146a009d1c79b29119548421d180182e.jpg'),
(681, 'd54588f9dd2595a8e5a9e280c6d28084.jpg'),
(682, '788fcf803616c48e46d1b0326c618d9f.png'),
(683, '4b3345a609c7e737bfd93d8bdc884679.jpeg'),
(684, '4f6645e7a66fecd7274d3cc40e248596.jpeg'),
(685, '30f0402523ba50b0fa570982c83f17a7.jpeg'),
(686, '06d52b009e38a51c96c9f38345ce5f84.jpg'),
(687, '94e94bf2db948ed519c31efc3dc43f10.jpeg'),
(688, '2a4954ff20750738de5e4f0762735d86.jpg'),
(689, '952d7382d31c6dab09d2d6f90f9e6906.jpeg'),
(690, 'bd4c5054f341a2a34ecda4e1d54228e3.jpeg'),
(691, '6206cba38d8c7c235a0cec7c06bd41ec.jpeg'),
(692, 'e27304fc11dc7197be08cd00728106be.jpg'),
(693, '0e0c5df0883fb957d782598ef914b547.jpeg'),
(694, '94f37ea3397810c405a61020e3baad1d.jpeg'),
(695, 'a426752e968c7dcd6675299b98e0abc1.jpg'),
(696, '9ba0637043625ab96e97abbb838024d7.jpeg'),
(697, 'adb549f9b4146b106be1a4c078267c84.jpeg'),
(698, 'ef2e881f666969cb616a02a1247d1acb.jpg'),
(699, 'b81b2072a33fec5e1bcfe67183aaf58b.jpg'),
(700, '88c8cd22e26880dc8b2f5abb6632711c.jpeg'),
(701, '0e87796a8b57faa73f09507920fd403b.jpg'),
(702, '2550dea14ea3190a561a8da92442c3a1.jpeg'),
(703, 'c3ac90f0e4dd4e5c531526bff625c3c5.jpg'),
(704, '05953f66eb9c532ef1fdb898e6ffe93d.jpeg'),
(705, '050205cec331ff2dddbd91ec747cd89c.jpeg'),
(706, 'df538a21fb357cc1819a81faa6af4167.jpg'),
(707, 'f8f4b5e5f7004870cfdd4ce5d7f524ed.jpeg'),
(708, '2e03eeacb689cc4cc195044766a206be.jpg'),
(709, '894310cd334448e1564517a8fc30c001.jpeg'),
(710, '058590f980eec4b332bae21bb8a81654.jpeg'),
(711, 'ae58ca128622970599b916301278fbd5.jpeg'),
(712, '8e2c3c61eceebd3f94cce10f32b6dd79.jpeg'),
(713, 'a4503f9ae4ece980b7413a05a6649185.jpg'),
(714, 'ca6512c9d261946d25798d6243a33b82.jpeg'),
(715, '315b288fb83a5a93f9ead88bb54ec472.jpeg'),
(716, 'cf30b7698f09bcb0f7160ce5d63d832e.jpg'),
(717, '66f4f972f3613237ef67a092815ed07e.jpeg'),
(718, 'bb769a43ec95d516798bd322a4173eef.jpeg'),
(719, '63e06e7f338cc92ef08f503f9a1719d3.jpg'),
(720, '248341d6bfdec62880ccdfe0f7bd9ad1.jpg'),
(721, '1af229b46cf4c89deace814cc39fe22d.jpg'),
(722, '6b0c0df51ca8069737c3ffa7765aa636.jpg'),
(723, '1716849af06e7667aa747db2bd8fbdae.jpeg'),
(724, 'ddeeba1ea036162d00d5f4f44679404e.jpg'),
(725, '5446af4266abae2d87a7c5162d25dda6.jpeg'),
(726, '8a25b093aa0ff2ef0f0e4d4a0b507161.jpg'),
(727, '79f035c422c36919316a34457c2b9ec2.png'),
(728, '2835401247bbdc6b1e415aafe2bc63f8.jpeg'),
(729, '2517ba1fd052ebd63363c31c4590e3c3.jpeg'),
(730, '3c48d538d035d620ea12f5544467041f.jpg'),
(731, 'f4341e2022d035f52018e6c52590879c.jpg'),
(732, 'cbfdf81c30e04a4b2c52558668973e65.jpeg'),
(733, 'b0a033b958860c4e088689f1863a3b58.jpg'),
(734, '10481f0631108e405ff087d8dada3237.jpeg'),
(735, '8c3eb35dc4e4ca680aa43bbaf184f089.jpeg'),
(736, 'dde21a83de092de470fff1b86bdc5bd6.jpg'),
(737, '4ac5ccd2c52752ce713039a7b95db1e6.jpeg'),
(738, '6e389744922f3c651df75ac537789e02.jpg'),
(739, '36f0f03c7c6ef0dc28e439ef7b5bff5a.jpeg'),
(740, '68de2e1b7323c32d52a089d37ecf9c5c.jpg'),
(741, '931a56bb63f7f0164525910b6fce5ec4.jpg'),
(742, 'fd8da7cd86e2c71d52e059e3a90e8513.jpeg'),
(743, 'b2396981d3b29a85a0f69ea19934e930.jpeg'),
(744, '6bf7a6042d6f2f569bf3178ba862afe4.jpg'),
(745, '2c62ff2ae909c7057cadd2bda5cd2fca.jpeg'),
(746, 'd1e396e9656e9fcc8077452b563100c2.jpeg'),
(747, '5780c1608d4c10a5ed6136a00a753ef5.jpeg'),
(748, 'e50e149de8216e7c77fb0eb0c69648d1.jpg'),
(749, '44adb3abd7762172a632d36fc493da78.jpeg'),
(750, '4b7e8b169a02f45df4f09ed9cb944811.jpeg'),
(751, 'c0ec637124e30f1feae5e85ada110fc2.jpeg'),
(752, 'eb815be2c6d46217e2e17707ce983230.jpeg'),
(753, '16c3f8edb5750d9ae6aaa4ccc6a26365.jpeg'),
(754, '9346c740c985bb356b53792ac20cb279.jpeg'),
(755, 'adc200a950e528744e09c0211f15fa74.jpeg'),
(756, '7a30fec16a4b5611d355a7fdbd3f6ca9.jpeg'),
(757, 'ba41a7e6d43191efc47219c2500bd077.jpeg'),
(758, 'daea1ca8ae799add7e9f21de0ab0a325.jpeg'),
(759, '6415e3fe065710fa928e83d5f0973cc6.jpg'),
(760, '1e88f8d4d3d5629efdb5d425197ce5bf.jpg'),
(761, 'cf0bdabf914f4a69d91f98cf11b7ef2c.jpg'),
(762, '29f63af624aed062d316ce29ab692893.png'),
(763, '7b92596ed27beed6b872ebbac2c3fa59.jpg'),
(764, '13c8ca0e8459b9d861247eb4d23d6c88.jpeg'),
(765, '7eb147d2d740bc09839bb536a6051755.jpeg'),
(766, '035e17ff7af71ddbd2a423e59d2c54e4.jpeg'),
(767, '355357b47f887fc13ec4d40137e15b55.jpeg'),
(768, '26acefcc500cc56346f445f7023cf382.jpg'),
(769, '30f1f1650f7afe84933114cb0112a3fc.jpeg'),
(770, 'ccc4c001973e2a336277024a5b1a641e.jpg'),
(771, 'fadb98f159740c486792b1a8717e887e.jpeg'),
(772, 'd7b24bbb92d0704fc4ff43c9caa206f6.jpeg'),
(773, '4da71bb51094b24c71bd2234837b0a29.jpg'),
(774, 'b79854dcec8e896d88cf4b1f2f7c064c.jpg'),
(775, 'cc12c8023ebc3fc9856c16f312d136fc.jpeg'),
(776, 'b6d178159503cf4efc49a965d90a86d9.jpeg'),
(777, 'a787f9c63d44a69d10d6b13dec15ab5b.png'),
(778, '9950b1b685480785c0799e2064f22a52.jpeg'),
(779, '0fb7d187aecb6e119ccc782f5182c2e5.jpeg'),
(780, '3f09c0ce96a10a48a7b392e1d8c81234.jpeg'),
(781, '5db555291c787a6b5ea9d7990b37e8c8.jpeg'),
(782, '08bec74ee57662322bb64277a036a274.jpg'),
(783, '5c547160006ecd38d15a47da34a4c546.jpeg'),
(784, 'fc4f0d672081ce69af4c931f4ac4d5c7.jpeg'),
(785, 'a702ba1a1fc85fc3b38dfc5b43446b93.jpeg'),
(786, '4fdda1f9c343686adfb75ef791bd3028.jpg'),
(787, '19dc2eba14d8643922740438ee73e5ea.jpeg'),
(788, 'cc426bfdbb19e07522d28c0a483e8528.jpeg'),
(789, '439ca56b538171123ec9d26f1f2ceb6f.jpeg'),
(790, 'bc5b55c1fa81963a88d8af10a0cf5091.jpg'),
(791, '1f97b1af35f8d85bf3d1d2b8ec74bf8d.jpeg'),
(792, 'a48f3ce2cdb1ad60764e76f5e03ffea1.jpeg'),
(793, '361a24aac3f33a51936c70dbae480223.jpg'),
(794, '8929907cee09268005e58ca62553b94b.jpg'),
(795, 'eea321158074744d59b3ca41ba091c00.jpeg'),
(796, '466f3e2e6c851dca6e52b1da7736cd54.jpeg'),
(797, '5843b5edef7928507a0a3dfd4c84edc0.jpeg'),
(798, 'dc5e8c61debc40086cc844325d1ae09d.jpeg'),
(799, 'a0bdf7ad1168aa2902dcf8318c6893f9.jpeg'),
(800, '18057bfd9d48caeb255b178b58aaa73d.png'),
(801, '6a534b5342c55bee92c76874bcfb8bbe.png'),
(802, '71b1ffbf0652127df6471e5917219fd7.jpeg'),
(803, '2a06b0c290ece45fbdbdd2fbabc012fd.jpeg'),
(804, 'a0d1a917cc732502ab85daae198735e3.jpeg'),
(805, '24e7c2c48cdb1a000368e6397e78f542.jpeg'),
(806, '6802cac6ae55d4790a09db4b665418a9.jpeg'),
(807, '37db4818079cffeaaaf0be3bdb91e371.jpeg'),
(808, '080ce773253f3d1a2a1588903389411f.jpeg'),
(809, '034ff3bf448af594809164ee775e0fd9.jpeg'),
(810, '555ab00a93c9ceef05eb507558b37f06.gif'),
(811, 'd4e68800326fa1da50efca79a1d8682b.jpeg'),
(812, '66816c4950a36ccac31c06c4ee4bdd6e.jpeg'),
(813, '496cecc1daeb26eceeb37b1ae537ade3.jpeg'),
(814, '2617a4f87ac505a8c3c3a35cfb65fddd.jpeg'),
(815, 'e5ad32eaad3af31b71a9bafdaf868bce.jpeg'),
(816, 'bc8ec95f94d425239f0d974ea60272a2.jpeg'),
(817, '3a7e58a1300bb61c24ba722dcdde23d6.png'),
(818, 'a5fdbdb5387fb19b8ba1d4aedf1d3f7e.jpeg'),
(819, 'a41b934534379705a82391571fc9a04d.jpeg'),
(820, '3b69d29630d4a4dba43010c07c031b09.jpeg'),
(821, '19f349ff3131c2ffef8e869e7d174a46.jpeg'),
(822, '86260d48cea12c6476fbfec9fa839d13.jpeg'),
(823, 'eb142ebc731eb1c772015ed237382563.jpeg'),
(824, '464b27ed871ce711345758a5998f08cc.jpeg'),
(825, 'a535bdc890dd85bbb2ced488c45ac326.jpeg'),
(826, '3add7c0352c47e162151800a32a27422.jpeg'),
(827, 'b208b5a5540a7a36e2f450cfcdd4ffe9.png'),
(828, '441a78b0806351f2cdee473541deae6f.jpeg'),
(829, '9fb2d7281f37382c2e5b46481672b104.jpeg'),
(830, '582b2bbbd07c2876bff713ccc47db775.jpeg'),
(831, '4b4ae69a5ef92fe2f2e036d9b3579a16.jpeg'),
(832, 'd577b9351d2c8f5fc341aa502c6980ec.jpg'),
(833, '5578375c5dcd26d2cdc0a71865145082.jpeg'),
(834, 'aabe9a2af29abb0151bf887e615f5b05.jpg'),
(835, 'e7e95c3c1109514597bb233b84c7581d.jpeg'),
(836, 'a477d0f87d3c42a9b312355651dc5a35.jpeg'),
(837, '60d3c40fdd296a8dc9d93215e2b51903.jpeg'),
(838, '843e3e624000c35ddb6153a461ea8a79.jpeg'),
(839, '04aaa9f4a3ba93b984e546a746946eb2.jpeg'),
(840, 'e611615e62b311b396f05b16c5eb93c3.jpeg'),
(841, '6312bcdbfa7e9c4119f566515168f5f1.jpeg'),
(842, '42c4caef80d5b582e26ef2ff06b30a3c.jpeg'),
(843, '75484d74702918999bd02104ba965562.jpg'),
(844, 'fc2851caba1aada34df92443cace6886.jpeg'),
(845, 'b1b903c7f9f31f74302897780c7f8424.jpeg'),
(846, '15949a750b0d241e29647d6b0dcc6d2e.jpeg'),
(847, '656b91c5a374e7bbfd7bccc688f1e7b0.jpeg'),
(848, 'c236e6c481c5ae92de75b2e1853078bf.jpeg'),
(849, 'be1e94176ee17a2bd469c6cab5fc45de.jpeg'),
(850, '3f7dce9c1dea436198e0da7db54f765d.jpg'),
(851, '2e26e5825bb97c3d372f3c238a1d190b.jpg'),
(852, '5de68166791acf9b9e7a23c16d1001b3.jpeg'),
(853, 'a1162c763533d443b9441e57a1d248ca.jpeg'),
(854, '0ac5b2262923092550ac92352946e712.png'),
(855, 'e61bb69ae2ca65462f146e401a1ca9df.png'),
(856, '3690ee987071ec450948eb9296e63c50.jpeg'),
(857, '456bae22ab1f85f45dc2137eecb2da77.png'),
(858, 'da78410467aed4ffd1961d9348c69ab1.jpeg'),
(859, '559f28059a46361f1ffbb741c07f0db2.jpeg'),
(860, 'c5d85b922651bdcb937a7e8f8609b69f.jpeg'),
(861, 'd9efc69eea5417bdb827a0872d4a46be.jpeg'),
(862, 'bc882450e6594cfd2db809cb809f4ae3.jpeg'),
(863, '864f8e7279b897d930c1ed3f99f6c49d.jpeg'),
(864, '237b17c77c8b9aa098b00e051c4a1451.jpeg'),
(865, 'd1bb48ff002a31ce9e4f4a9a96994421.jpeg'),
(866, '5d58c06a0ff0096dd168618cdfef10b5.png'),
(867, '2996e90c45f1bff7d603d6c877295d83.jpeg'),
(868, 'd02c75ef163c79749850f04015a5b72a.jpeg'),
(869, '777081f71a0cfe28277115c193012478.jpeg'),
(870, 'c6221bdfa8db1862dc1b48616e1f20fe.png'),
(871, '5bfe5a770df9c3e52d218e8b7f1b13dc.jpeg'),
(872, '03cc8636d2fb091ed9113384ce20a0ea.jpg'),
(873, '3dd79c620222f9af9cb82f01eda65d5a.jpg'),
(874, '4fe8a0a08c8616813d94567efdb1d884.jpeg'),
(875, '70a520d6ecb25997d8ea9ecbf105c340.jpeg'),
(876, 'c712bd7b389a2167aa42491c2a272cb7.jpeg'),
(877, '0a23ab1aa82cf46e492a22656bbce288.jpeg'),
(878, '497eb58f9b9639ffe35269c165cab697.jpg'),
(879, 'bdf42f45874dd95d1a49088a6772f96a.jpeg'),
(880, '2559518ed95399e4e41447e9bb632ac8.jpg'),
(881, 'd299aa41de103f9c291d8efd4afeabfa.jpeg'),
(882, 'ccce940a0a6ed7d0e240828d6f448c1a.jpg'),
(883, '6008d114ffce34c612cfb40bab3abc57.jpg'),
(884, '872eeff2eefae75faa716a305e283c19.jpeg'),
(885, '4b7725092faa5bc8e9d141b4680ae28f.jpeg'),
(886, 'a3010788391b284bae4445c51d7d72cf.jpg'),
(887, '799c9c1a4ab9ef33a083a58f9e969efa.jpeg'),
(888, 'ec1bd3d4ebf116629f047e574485048f.jpg'),
(889, '97f2156bc3a466f9b72b9ed417921acc.jpg'),
(890, '609d72d4c008ca011b567a9cbad54f7f.jpeg'),
(891, 'bdc7d54589e3d8b18559707b54f94c4c.webp'),
(892, '68d75fe440b8e8d611a9580a0ee5a3ee.jpeg'),
(893, '544135c21be76f6f2cf8390409bffc4d.jpeg'),
(894, '1b70439f5a8d99138f1cce973253e068.jpeg'),
(895, 'f28f61f3103187db9bf59ddf7789e4f2.jpeg'),
(896, '9791fa05ca884a5f598a060846ea11b6.png'),
(897, '385792eb836bfe35c5a13f521458947b.jpeg'),
(898, 'd5c3e23f524b83a1ecda29bc86524477.jpeg'),
(899, '6e0935977372c6b9f4a5767d30c616f9.gif'),
(900, '18ef9771a0f9525064e580a79e5002e2.jpeg'),
(901, 'e7a8719335f72dadc754dbb147840fec.jpg'),
(902, 'dc30dd42096fda346816ddcc3e409c3f.jpeg'),
(903, '2b97b25f9fa126688ea7ac539730552d.jpeg'),
(904, 'f8ee3f8308dfac8943b98089dec07b72.jpeg'),
(905, '46cda56e33b227d6c75a53462c9e36c5.jpeg'),
(906, '7978c15d4ad51a7f6fe4f14464f50aa4.jpeg'),
(907, '795621b9883d8b82c21ec4a89dbb0e50.jpg'),
(908, '45da7b7a48dfa1a1f7cbc6387769d947.jpeg'),
(909, '1d8232da1133f820522ba87816ea2bd6.jpg'),
(910, '7a6a6692b06131b427e2da18ef52ac1b.jpeg'),
(911, '8ca32d18f4cea419fcb980363fbd063a.jpeg'),
(912, '136aabd0dee2df9d3f40207a23b1964b.jpg'),
(913, '091c75eb4c1648c4c09732a43a492b8d.jpg'),
(914, 'b56fa8e9785f46f7e21e12c8cd526766.jpeg'),
(915, 'b9a8f335d25ef1b9afe816ac1771496d.jpeg'),
(916, '9731e26c9b0df1f2fc1ba7a61ae9b343.png'),
(917, '6b08722b5d27a238a3d680d7ecf17a57.jpg'),
(918, '56ea118f02d5ca6529cda2bb3976b8bd.jpg'),
(919, '94107b1c48957b41a93994ce2a631891.jpeg'),
(920, '3e09e6657e6f393c4f61d27bc89a309a.jpeg'),
(921, 'ca55a1ffc83bc508bae8fb5e62e81e30.gif'),
(922, '8ca52889d8e96f8092167bdb59069eb8.jpeg'),
(923, 'f38e4788a300623e3daebf5147ae25f6.jpeg'),
(924, '9b04b16d83133eb08c67843622a000c8.jpeg'),
(925, 'c0e1f8bd04965231b7a945e2e59c5254.jpg'),
(926, '88ee3a8e3b3f8a7cddaf1472b0e9204d.jpg'),
(927, 'c8414ad59bb30645b4ebf5f7b2bbb01d.jpeg'),
(928, '39ee076bd0bf2b41230d0a1e5564da9c.jpeg'),
(929, '018d0ae33787b248d31c3096c93bb090.jpg'),
(930, 'b407ad6b246280710f3562f6dbfca3a0.jpg'),
(931, '05d86ca66868bc38e01a4e2e6bf4afee.jpeg'),
(932, '94c7dbb9cf2b0d7ead5996499a784ad3.jpg'),
(933, 'b42b5700db4df8c6608f3938fcc690fe.jpeg'),
(934, 'cbe83d5561f36a25e0afa967a1f1f2ff.jpeg'),
(935, 'f35072b00358fcc923c9d493b2df4c87.jpeg'),
(936, 'f2059eabe726541a25a11cafe43c3ca1.jpeg'),
(937, '8bf44a28fda41e07f2e5f54f3b0fd7eb.jpeg'),
(938, '86b0dac87beab320cf70af32ff6f99ff.jpg'),
(939, 'd7bac71070d8c53e5bfd7ee48ed86171.jpg'),
(940, 'f029bb9dad663f492cd1dbc809dcb203.png'),
(941, '48550aab933979a23e8615a72d215bae.jpeg'),
(942, '35e1d1aa256d9dc6477e4036c2c9093f.jpeg'),
(943, '374ed1f31424bdf47803c5ad0a5842f7.jpg'),
(944, '6f7130016e74960181db6ec8c9e73224.jpg'),
(945, '689bc6aa6694f7a6b47e98ccfa0251c0.jpg'),
(946, 'c29a44d8b873babf123908d274027ec1.png'),
(947, 'cde7ce312115977af57b9c4ca5dbb299.png'),
(948, '292f6c3154573e55746f2417e47a7eec.png'),
(949, '9cc2f4c3f98d35efbc41c2b9b4c491b6.png'),
(950, '3744cd96d2f54f5915602055bc566ff1.png'),
(951, 'f30d38d79dea24694a64558a2c78e3c9.jpg'),
(952, '7dda67894f73ab97967a7ce60728fba8.jpg'),
(953, 'a64f71d1c42ec860eae207e1a60e2464.jpeg'),
(954, 'b86559d173801b2e69496b66e36129be.png'),
(955, '09b41d091efd40a9666d4170d53bad4f.jpg'),
(956, '7c04fe0dadd8985efc6a88201565d72e.jpg'),
(957, 'a0cc16c088e7b586d7b779c4b1ed7484.jpg'),
(958, '54d6b39b4661c4cb225e53f034c31035.jpeg'),
(959, '0b0aa20a59b4743c5afd2983ecf5624a.png'),
(960, '560912dbe06ebf01eaccbe5b751cba6e.png'),
(961, '49f3c8da8b6ed6ea148c1880407ef8e5.jpeg'),
(962, '160d4789d2ea2c4e8128cde41296a813.png'),
(963, '96dbc4cd7dbf4a992cfb4339deaef7a4.jpg'),
(964, 'c0d20c104cc81b6b64cfc9810a2af428.jpeg'),
(965, '3f26fa5e634042007a144d69f6fed5f2.png'),
(966, 'f88c9871c0a5ab2bbd544897994ee0b4.jpg'),
(967, '6f32c4ca918a1ae87c3c89a84aef6a6c.jpeg'),
(968, '67f8b04e380f0a06f5a21148b3359245.jpg'),
(969, 'bddd54f2466734a28cad90887532e1c9.jpg'),
(970, 'e7c3c1987ca97e2504f3fbb9c365edfb.jpeg'),
(971, 'd2adf7d387e115ec4613a65670ff90c7.gif'),
(972, '9b938d7224cb5228b9cbf947e4a28d8f.jpeg'),
(973, '0f9b7e7de7b53328547d8a0405e02f03.jpg'),
(974, '50ee4303ddfa062e435ffd114fbc0bd9.jpeg'),
(975, 'a2239084c2b728eb6c4a6d20aecad152.png'),
(976, 'ec69f85fba80a406a1683c12694bfe8c.jpeg'),
(977, '9be3797c99b61e8ae3a51cf97dfca3a1.png'),
(978, '64f52ab6baa135f7ca27f374f357f9a5.jpeg'),
(979, '64c483d8c8bb76abe7faaa7b555429c2.jpeg'),
(980, '3874720c127573a0d1cb60f5122f527e.jpg'),
(981, 'f74f92cf7769f64267dbdf6e37ba1cb6.jpg'),
(982, 'e171a95994cf8e272f93ceb1a7500108.jpeg'),
(983, 'd7d1ca7a41a481ae8f9476d0c2c4b96a.jpg'),
(984, '5ac59308eddf50fc5e32c074164d0c2b.jpeg'),
(985, '5937bf11dff507590783c32aee3e14c5.jpeg'),
(986, '00189155625e1c0ae743c03bb5881be9.jpg'),
(987, '45dd45c1cc8019a8b9f8aa3896083111.jpeg'),
(988, '7942e55bbbf40964d5d9c2881ad9450a.jpg'),
(989, '76a103ba45c2cfb24ba2e72a8e58fef5.png'),
(990, 'efc082a5aaba7841f9c09cfb0124d077.png'),
(991, 'cf5e9edec439c7b3de0e258db09f9596.jpeg'),
(992, 'b86732627e6f0e7393f6ac31b054fab4.jpg'),
(993, '16b0024682abf5fa1928143735bc06cc.jpeg'),
(994, '28a445c5134a95b1605350be74e87a9b.jpeg'),
(995, '26d25a049d5df734a0ee535a3ba759f7.png'),
(996, '9ef214fabc01053851488c9aac7f3146.jpg'),
(997, '88a2e56123f3440e29534ca85e1bf34b.jpg'),
(998, 'c4acd46fab0b6ee4a26308173b1e58db.jpg'),
(999, 'd7d7a51889cea11426f9484652342c2a.jpg'),
(1000, '404157a67413b6bb88b4ed8f9c34a401.jpeg'),
(1001, '0a48ccc47d616a849bd332df6498684d.jpeg'),
(1002, 'cf6c526450ac1ab3ca1fb8a2f9a745a0.jpeg'),
(1003, '0e94d5ba2e818c2ee77d2cea854e42fb.jpg'),
(1004, 'c16e8e2bd80c9d6d910a3341ba1c78b2.jpg'),
(1005, '984a9a1c1d0520d772cefe6ca1d10f5b.jpeg'),
(1006, '2469d846567d384a5df408891dc02c82.jpg'),
(1007, '9cdd5cc1ed9906e033522c1b969abe02.jpeg'),
(1008, '0e3df6687e3dd63a1748c050b287c296.png'),
(1009, '6d2a5353c6d6c04db2852b0f8cba0e15.png'),
(1010, 'c479847d84769838d9396768e1b3f709.png'),
(1011, '128f715448c46e7440bddfdd2f205091.jpg'),
(1012, '8ed89cef22feda7c0da5041eb5c07c28.jpg'),
(1013, '7bed0f06c8049d5e04af3c90ed1ef2b4.jpg'),
(1014, '3d5bdfc49bef36405c555b87b8f0d217.jpg'),
(1015, '639e62318e3b8a29d9a823aec5157a41.jpg'),
(1016, '26ba5769712b654cdbaadf85d3f89c33.jpg'),
(1017, '950a180d1c648edfa56572b8778404e7.jpg'),
(1018, 'f360f45074f1b478284027beeb6ce4be.jpeg'),
(1019, '35be55e445cc256105425e647c86e4ae.jpeg'),
(1020, 'b9fcccd3286c53d43fbd1ceea1ee0025.jpeg'),
(1021, 'd966e7f2a7c7a65a99d076a9a02a6aa9.jpeg'),
(1022, 'e716452ad3f8e0b8ac557bdb8ff5f560.jpeg'),
(1023, '3f6d830b0bf4b39a378386d51accd7b4.jpg'),
(1024, '5270629edebe372cdae932981795f63b.jpeg'),
(1025, '4a4ea24c547e936b45fd1e485b1ebda0.jpg'),
(1026, 'bc99676d0f4973a3945dcf15969b1dd2.jpg'),
(1027, '8fc6e177273359d9b8f02bad5cb94d7c.jpeg'),
(1028, '018fda692be3b3212e8a5f4b6774f2e2.jpeg'),
(1029, '5fa23bc90a91bfc7966ec39822336a2c.jpg'),
(1030, '1f36313b67e651b2723bee79261a703d.jpg'),
(1031, 'b49f833df98b60ca3e932c4a52689c48.jpg'),
(1032, '6c48c8f6ad5904842ae56037ce181768.jpeg'),
(1033, '1d2876ebad15bbc08ac932350191f1aa.jpg'),
(1034, 'b8e1820b2234819bc51390c4512069e6.jpg'),
(1035, 'ca6b52da231268e6e0aa20960905be14.jpeg'),
(1036, '5c1687a4301fdcb10b98d4569fc18185.jpg'),
(1037, '02e2677527ad9abeb2bd17f8a1b75ff2.jpg'),
(1038, 'ad7d46d01f261db9a5ed7af84f96473f.jpg'),
(1039, '7023f52e90d64136fe6fa9abb51cc8aa.jpg'),
(1040, '54f096470bb84da207343f77767e4ed8.jpg'),
(1041, '583d4abda9dae10e029fbc9fd80ff4db.jpeg'),
(1042, '31928795f6c980fb70048efdc7265c56.jpeg'),
(1043, '6805fa7ed059cd0055d8110512ea0053.png'),
(1044, 'dc509c6cca83f7828de53ff5608c06cd.jpeg'),
(1045, '9b69496e308b43162bccf0de38dcc9f4.jpeg'),
(1046, 'a6a724d129d6f7ff3aca7aa63f6a6bef.jpg'),
(1047, '57c785b13dc96650396e0dcf3a7eb6cf.jpg'),
(1048, '695e166f3ad2d80cf0d36d267bb33213.jpg'),
(1049, '938c40fabff96b92cbd907adbeccc337.jpg'),
(1050, 'c6999ffb6cedb8f9a5388b4fa0a31c66.jpg'),
(1051, 'e581509d053edbe93196a44b10362e63.jpeg'),
(1052, 'b58377cf0912003ba18795be3309e908.jpg'),
(1053, '7bd8be2fffb99c15e93b1dfc0a421387.jpeg'),
(1054, 'e09df0b47596a26a7ec4750e244d9b1e.jpeg'),
(1055, '8ed7838f4c98ddb5832496ab15e00c0a.jpeg'),
(1056, '16d31d0e83e31a9a44253410186c4070.jpg'),
(1057, '6208aed9a4adddc0b75f58aa8b53d96f.jpg'),
(1058, '63138f773b969e55a589d96118836927.jpeg'),
(1059, '6a2c0c0de6ab2ec3d7bf67d3cbbe9e43.jpeg'),
(1060, '4c1c1ae5848e196b072a1168f57dd989.jpg'),
(1061, 'c4b4b2d2d59fdb83cbbd87025317bc35.jpeg'),
(1062, '3dedbbe7bf88e04f2ee1c7efb6cc2ea9.jpeg'),
(1063, '226047bb40c4ad2c14c96ef48f42cff8.jpeg'),
(1064, 'f9153512fe2225c649519006aca2746e.jpeg'),
(1065, '25fe87473554e9ad9b447942f088e780.jpg'),
(1066, 'e13dffb91860727553494d8f0421fbfe.jpg'),
(1067, 'ba07ddd3af51eff6c0329c60dfed8245.jpeg'),
(1068, 'aa79f79f264ed258c6506f90c681cbb4.jpeg'),
(1069, '72c1625a5743de88008f456c645d684e.jpeg'),
(1070, 'abd568e248a726e08f72cf3a3fd8cf4b.jpeg'),
(1071, '4e214fb716061aadcd936c777efbfccb.jpg'),
(1072, '2312827532ce3baa1c2cdeb5f747ce0a.jpg'),
(1073, '04133d0f05575c616ba54c40393ddd4e.jpeg'),
(1074, 'd89374756b5a1d5ddd878001cb0d2314.jpg'),
(1075, '62fb9629083c984327cafe858d9d1ed4.jpeg'),
(1076, '509edede5a0a7de8e5a6ff573dfc4223.png'),
(1077, 'ff6bc13d8292ec730164c429a8a4cc06.jpg'),
(1078, 'f2db107f2f53e8bb990cfc8c04c4ee05.jpeg'),
(1079, '132b526971e0e3d919846bb7c4dc6834.png'),
(1080, 'a67650aa9d069e413de21ec6f8f83fff.jpeg'),
(1081, '5377e0872abbfe356d9c71db2099419a.jpg'),
(1082, '0c6d4b9e533f43262cf19bfdcf13b3de.jpg'),
(1083, 'd98735ae5f9dca8f033036e4cf0ed5c0.jpeg'),
(1084, '3db61abe184103ec854d1a60d882f7ff.png'),
(1085, '5e5ee82c7f8b47e90d390f516e41d4ca.png'),
(1086, 'd9503a5d6b41a5e55381a2a24d48377f.jpg'),
(1087, '82ae64ba28c4f68c4d5954e384cce282.jpeg'),
(1088, '839c0afa8f28332d8ac256676f9a4006.jpg'),
(1089, 'dd43039bff2dfacdcf7d09c6e72ef116.jpg'),
(1090, 'a221deb5147f732afbf2a25bc6ba2645.jpg'),
(1091, 'fb583792a532c8199e6ed36177c933dd.png'),
(1092, 'a6befabe21747dc2b7e25c1e9ad85f70.jpeg'),
(1093, '70cbc78ac7df362a17565676074e67b1.jpeg'),
(1094, 'a3fe0e1556b2b30c0eaff6c0153dff4f.jpeg'),
(1095, 'b9fa6d6adcf816c53b7d3651660d5a07.jpg'),
(1096, 'd24ba103507fe466598c20ddd7d4bc4e.jpeg'),
(1097, '9394783463e4129971ff605999dddd38.jpeg'),
(1098, '086266681591c058cde82382c731f2ad.jpg');
INSERT INTO `IMG` (`img_id`, `img_name`) VALUES
(1099, '52f9b153a2a497b183b20bb18782dd66.jpg'),
(1100, '3a1b20ce8e8b5d3c02f4abd8915b0548.jpeg'),
(1101, 'f8f983d167fc269882920cefe9065099.jpeg'),
(1102, '37ad23a904a9106e2729998193544736.jpg'),
(1103, 'fe86d0c6fe925fbe58b7789d5660fcb3.jpeg'),
(1104, 'cc54945caecb0b8990246c58caaf4f54.jpeg'),
(1105, 'e94919e0a0fec64972256c896408e76f.png'),
(1106, 'bbd314759c5ab411fa317ed84526e6e4.jpeg'),
(1107, 'ef382caa36c449c362641ab67a44cf2c.jpg'),
(1108, 'd91903a96410883e2bf5a171f47f74da.jpg'),
(1109, '767aaf66797242dd54d9363b0f31d97a.jpeg'),
(1110, 'e20ae1eff5c2388b728b6f844e73ed0b.jpg'),
(1111, '121ac9ec301132d3f2b46c524cdde685.jpeg'),
(1112, '8647fe7958361deff6fab8b1a871079c.jpg'),
(1113, '030d1ce983ac845db2a5701e9e2fba38.jpeg'),
(1114, '794a5fb07e76c8a6251173ae68224e85.jpeg'),
(1115, '2659bd5e0ccfeb1bbab98ed422888664.jpeg'),
(1116, '30b39ab001a04761a28d0b66c11fa5ee.jpg'),
(1117, '57f9a399c0f39f811afead466c962eae.jpeg'),
(1118, '676adcb43f063314cec44563fee1529b.jpg'),
(1119, 'f33838b9ec0f0a58dc432874bd9be562.jpeg'),
(1120, '4c9832af98ae1ad95067333e69e6e436.jpg'),
(1121, 'c698ec3418e6e4dd52b83f979c69a4a9.jpeg'),
(1122, '768d3ad5e9d3ad6669a3d53c596ab03b.jpeg'),
(1123, '136384555caf92513ddff94927ce3996.jpeg'),
(1124, 'd9477027509c2dba42447249939db476.jpeg'),
(1125, 'e8318381063f0943b4257eb9b5aa66c7.jpg'),
(1126, 'db92d554e34969a8d72343ab30b93287.jpeg'),
(1127, '6df46b9969c35c5f5d43a55ec25bb053.jpeg'),
(1128, 'c71890e2ad0c5b3c9100d6bc2d01fb0c.png'),
(1129, '9cfaf87b74056cf431b80703cf04caf4.png'),
(1130, '33caf5f45d6a1001af6a245ad7433811.jpg'),
(1131, '9d8c038b4577a9e79a8f95b551c628c9.jpg'),
(1132, '0b2fc18546f4e2ed2cc175ec2db4a903.jpg'),
(1133, '6e05db0c0d973af3a428829a530b59e8.png'),
(1134, '3856ef9febb661dff9d0a383aca76452.jpeg'),
(1135, '04d1f917f5424036134296232b2144db.jpeg'),
(1136, '9aefee44b0250667d31de834cd6b69d3.jpeg'),
(1137, '22f00ff48d241802fe8bc5ce661631c6.jpeg'),
(1138, '0335524a5bb903472d7f52f3244d0bb3.jpeg'),
(1139, 'f9be77e771a470bf16378da18590d6f0.jpeg'),
(1140, 'ea8347e29863ee92e9a6d109e263d47b.jpeg'),
(1141, 'efc133dbfd03353cc27deffe4aba2581.jpeg'),
(1142, '0ddd565dbd5e3797a640557fa680f4f9.jpg'),
(1143, 'dae0b6cf884815a66129a3ca99dff501.jpeg');

-- --------------------------------------------------------

--
-- Table structure for table `SENEXAMPLE`
--

CREATE TABLE `SENEXAMPLE` (
  `sen_id` int(11) NOT NULL,
  `struct_id` int(11) NOT NULL,
  `sen` mediumtext COLLATE utf8mb4_unicode_ci NOT NULL
) ENGINE=InnoDB DEFAULT CHARSET=utf8mb4 COLLATE=utf8mb4_unicode_ci;

--
-- Dumping data for table `SENEXAMPLE`
--

INSERT INTO `SENEXAMPLE` (`sen_id`, `struct_id`, `sen`) VALUES
(4, 1, '我有两个弟弟。(I have two younger brothers)'),
(5, 2, '你有弟弟吗? (Do you have younger brother?)'),
(6, 3, '她和我都上十二年级。(Both I and her are in 12th Grade)'),
(7, 4, '你有几个兄弟姐妹? (How many siblings do you have?)'),
(8, 5, '你是哪国人? (Which nationality are you?)'),
(9, 6, '你在哪儿出生?(Where were you born ?)'),
(10, 7, '我喜欢功夫电影。我还喜欢爱情电影。(I like Kung Fu films. I also like Romance films.)'),
(11, 8, '我没有男朋友。(I do not have a girlfriend)'),
(12, 9, '你奶奶有多大年纪?(How old - approximately - is your grandmother?)'),
(13, 10, '他的眼睛​又​大​又​圆。 (His eyes are big and round)'),
(14, 11, '你是日本人吗? (Are you a Japanese person?)'),
(15, 12, '我长得像妈妈。(I look like my mother.)'),
(16, 13, '这太多了，吃不完! (The food is too much, I can’t finish this)'),
(17, 14, '我去过英国。 (I have been to England.)'),
(18, 15, '今天早上，我起床， 然后 刷牙。(This morning, I get up and then brush my teeth.)'),
(19, 16, '我每天从早上八点到下午三点上课。(Everyday, I attend class from 8 o\' clock in the morning to 3 o\' clock in the afternoon.)'),
(20, 17, '吃 ​完 ​饭 ​以后​，我做作业。(After eating, I do my homework.)'),
(21, 18, '我比以前高。(I am taller than before.)'),
(22, 19, '我先洗脸刷牙，再吃早饭。(First, I wash my face and brush my teeth, then had breakfast.)'),
(23, 20, '我洗脸洗了三分钟。(I washed my face for three minutes.)'),
(24, 21, '现在我们到。(Now, we have arrived)'),
(25, 22, '他经常一边洗澡一边唱歌。(He often sings while taking a shower.)'),
(26, 23, '你昨天弹钢琴弹了 多长时间? (How long did you play the piano yesterday?)'),
(27, 24, '吃 ​完 ​饭 ​以后​，我做作业。(After eating, I do my homework.)'),
(28, 25, '给我。(Give me.)'),
(29, 26, '他长得高高的。(He is tall.)'),
(30, 27, '他们早上七点就去上学了。 (They went to school at seven o\'clock in the morning, which is earlier than usual.)'),
(31, 28, '哥哥今天早上十点才起床。(Elder brother get up at 10 o\' clock this morning, which is later than usual.)'),
(32, 29, '她不在家，我只好走了。(She is not at home, I have to go back.)'),
(33, 30, '汽车很快，火车更快，飞机最快。(Car is fast, train is faster, plane is fastest.)'),
(34, 31, '飞机比火车快。(The plane is faster than the train.)'),
(35, 32, '非常好!(Excellent!)'),
(36, 33, '他做什么工作?(What is his job?)'),
(37, 34, '护士在哪里工作?(Where does a nurse work?)'),
(38, 35, '我爸爸在一家工厂工作. (My father works at a factory.)'),
(39, 36, '我在​一所​国际学校学习. (I study in ​an​ international school.)'),
(40, 37, '这所学校有 200 多个学生。 (There are more than 200 students in this school.)'),
(41, 38, '除了跳舞以外，我还喜欢画油画。 (Apart from dancing, I also like painting oil painting.)'),
(42, 39, '我喜欢听音乐，​特别是​古典音乐。(I like listening to music, especially classical music)'),
(43, 40, '做完作业以后，我看 ​一会儿 ​书. (After doing homework, I will read a book for a while.)'),
(44, 41, '你滑冰滑得怎么样? (How good is your ice-skating?)'),
(45, 42, '他要学中文。(He wants to study Chinese.)'),
(46, 45, '香港怎么样? (What is your opinion on Hong Kong?)'),
(47, 46, '香港什么样? (What does Hong Kong look like?)'),
(48, 47, '妹妹看电视的时候，哥哥正在踢足球。(While younger sister is watching television, elder brother is playing football.)'),
(49, 48, '我会说英语。(I can speak English.)'),
(50, 49, '他工作很忙，经常去英国出差。(He is very busy with his work and often goes to England on business trip.)'),
(51, 50, '我太喜欢她了! (I like her so much)'),
(52, 52, '坐地铁很慢, 骑自行车更慢。(Taking the subway is slow, riding the bike is slower.)'),
(53, 53, '她十八多左右。 (She is around 18 years old.)'),
(54, 54, '我喜欢热的天气，因为热的天气的时候，我可以玩游戏。(I like hot weather, because when it is hot, I can play games.)'),
(55, 55, '我爱我的爸爸和妈妈。(I love my dad and mom.)'),
(56, 56, '冬天应该穿围巾。(In winter, you should wear a scarf.)'),
(57, 57, '我网上有很多朋友。(I have a lot of friends online.)'),
(58, 58, '爸爸一般怎么去广州? (How does father normally travel to Guangzhou?)'),
(59, 59, '我现在住在香港。(I currently live in Hong Kong.)'),
(60, 60, '现在下着雪，刮着风。(Now it is snowing and the wind is blowing.)'),
(61, 61, '香港夏天经常晴天。(Hong Kong summer time is often sunny.)'),
(62, 62, '你的中文会越来越好! (Your Chinese will be better and better.)'),
(63, 63, '他长得高高的。(He is tall.)'),
(64, 64, '黑老师的中文比我们的好很多了，但是他的英语没我们的好 。 (Although Helen\'s Chinese is a lot better than us, but her English is not as good as us.)'),
(65, 65, '我爸爸喜欢穿黑色的长 裤. (My father likes wearing black trousers.)'),
(66, 66, '她戴着棕色的围巾。(She is wearing a brown scarf.)'),
(67, 67, '今天你带中文书了吗?(Did you bring your Chinese book today?)'),
(68, 68, '爸爸昨天去北京出差了。(Father went to Beijing for business trip yesterday.)'),
(69, 69, '你爸爸怎么上班? (How does your father go to work?)'),
(70, 70, '我在 LPC 住了一年。(I lived in LPC for one year.)'),
(71, 71, '你滑冰滑得怎么样? (How is your ice-skating skill?)'),
(72, 72, '北京今天晴转多云。(Today, Beijing\'s weather will change from clear sky to cloudy.)'),
(73, 73, '今天气温多少度? (What is the temperature today?)'),
(74, 74, '我的朋友在这里住了一年半。(My friend lived here for 1 and a half year.)'),
(75, 75, '不用谢。(You are welcome - no need to thank.)'),
(76, 76, '我用我的手吃饭。(I use my hands to eat.)'),
(77, 77, '妹妹不能做路。(My younger sister cannot walk - reason is because she is now in library.)'),
(78, 78, '妹妹不会做路。(My younger sister cannot walk - reason is because she is only one year old.)'),
(79, 79, '哪些老师?(Which teachers?)'),
(80, 80, '这个老师 (this teacher)'),
(81, 81, '我正在看书。(I am reading right now.)'),
(82, 82, '你跟谁一起打篮球? (With whom do you play basketball together with?)'),
(83, 2, '你有没有弟弟?(Do you have younger brother?)'),
(84, 3, '我们都是中学生。 (We are all secondary school students)'),
(85, 5, '你是哪一年出生的? (Which year were you born?)'),
(86, 6, '你住在哪儿? (Where do you live?)'),
(87, 7, '我的爸爸会说英语。妈妈也会说英语 。(My father can speak English. Mother can also speak English.)'),
(88, 8, '你哥哥有多重? (About how heavy is your elder brother?)'),
(89, 8, '我爸爸有一米九。 (My father is about 1.9 metres tall)'),
(90, 8, 'LPC 有三十多位老师和二百多个学生 。(LPC has thirty teachers and two hundred students)'),
(91, 10, '她长得​又​漂亮​又可爱。​(She is cute and beautiful.)'),
(92, 10, '我​又​会说英语 又​会 说法语。(​I can speak both English and French.​)'),
(93, 11, '你是不是日本人?(Are you a Japanese person?)'),
(94, 16, '从星期一到星期五，我穿校服上学。(F rom Monday to Friday, I go to school wearing school uniform.)'),
(95, 17, '昨天唱完民歌以后，我画了半个小时 油画。(Yesterday, after singing the folk song, I painted oil painting for half an\r\nhour.)'),
(96, 18, '两天以前 (Two days ago)'),
(97, 20, '我昨天弹钢琴弹了一个小时。(I play the piano for 1 hour yesterday - Variation 1)'),
(98, 20, '昨天, 我弹了一个小时钢琴。/ 我昨天弹了一个小时钢 琴。(I play the piano for one hour yesterday -\r\nVariation 2)'),
(99, 21, '北京今天气温十二到二十度。(Today, Beijing\'s temperature is between 12 degrees Celsius to 20 degrees Celsius.)'),
(100, 24, '做完作业以后，我洗澡。(After finishing my homework, I take a shower.)'),
(101, 24, '每天吃完晚饭以后，我 看一个小时电视。(Every\r\nday, I watch television for one hour after finishing my dinner.)'),
(102, 25, '我的朋友给我一个花。(My friend give me a flower.)'),
(103, 26, '我得走了。(I have to go.)'),
(104, 26, '我滑冰滑得好。(My ice- skating skill is good.)'),
(105, 30, '一年有四个季节，我最喜欢冬天。(Among the four seasons of the year, my most favourite is Winter.)'),
(106, 30, '你最喜欢什么月饼? (Which type of mooncake do you like the most?)'),
(107, 31, '我比十年前重十公斤。 (I am 10 kg heavier than myself 10 years ago)'),
(108, 31, '我比他大。(I am older than him.)'),
(109, 31, '我比他大三岁。(I am 3 years older than him.)'),
(110, 32, '我非常喜欢画画。(I like painting very much.)'),
(111, 33, '她工作忙不忙? (Is her job busy or not?)'),
(112, 33, '警察在警察局工作。(Police works in a police station.)'),
(113, 42, '你要吃什么? (What do you want to eat?)'),
(114, 42, '这个周末你们要做什么? (This weekend， what do you want to do?)'),
(115, 46, '他/她长什么样? (What is his/her appearance?)'),
(116, 48, '我明天会去中国。 (I will go to China tomorrow.)'),
(117, 48, '我看了一会儿看电视。 (I will watch TV for a while.)'),
(118, 49, '差七分十点 (Seven minutes to 10 o\' clock.)'),
(119, 49, '我滑冰滑得差。(My Ice- skating skill is bad.)'),
(120, 50, '我不太喜欢她! (I do not like her really that much。)'),
(121, 50, '太晚了! (It is too late!)'),
(122, 52, '你喜欢弹吉他吗? 不喜欢， 我​更​喜欢听音乐。 (Do you like playing guitar? No, but I prefer​ listening to music.)'),
(123, 53, '香港今天阴天，气温二十五度左右。(Today, Hong Kong is cloudy, and its temperature is around 25 degrees\r\nCelsius.)'),
(124, 55, '春天很暖和。(It is warm in spring time.)'),
(125, 57, '我喜欢上网。(I love surfing the internet.)'),
(126, 59, '现在在下雪。(It is snowing now.)'),
(127, 62, '天越来越黑。(It grows darker and darker.)'),
(128, 62, '你越吃越胖。 (The more you eat, the fatter you become.)'),
(129, 62, '雪越下，我越冷。 (The more it snows, the colder I feel.)'),
(130, 62, '雨越下越大。(The rain is getting more and more heavier.)'),
(131, 62, '你越说，你的中文越好！ (The more you speak, the better your Chinese will be.)'),
(132, 63, '西安今天最高气温五度。(Today, Xi\'an \'s maximum temperature will be 5 degrees Celsius.)'),
(133, 64, '她​虽然长得很胖， 但是​她长得很漂亮。 (Although she looks fat, she is beautiful.)'),
(134, 69, '我爸爸开车上班。 (My father drives to work.)'),
(135, 69, '我妈妈坐地铁上班。( My mother takes the subway to work.)'),
(136, 70, '黑老师在 LPC 工作了四年。(Helen worked at LPC for four years.)'),
(137, 70, '我的朋友在这里住了一 年半。(My friend lived here for one and a half\r\nyears.)'),
(138, 71, '我滑冰滑得好。(My ice-skating skill is good.)'),
(139, 71, '我滑冰滑得不太好。(My ice-skating skill is not so good.)'),
(140, 71, '我滑冰滑得差。(My ice-skating skill is bad.)'),
(141, 73, '今天零下八度。(Today\'s temperature is - 8 degrees Celsius.)'),
(142, 76, '我用耳朵听。 (I use my ears to listen.)'),
(143, 80, '那个老师 (that teacher)'),
(144, 80, '这些老师 (these teachers)'),
(145, 80, '那些老师 (those teachers)'),
(146, 81, '妹妹看电视的时候，哥哥正在踢足球 。(While younger sister is watching television, elder brother is playing\r\nfootball.)'),
(147, 83, '我觉得她很谦虚。(I think that she is humble.)'),
(148, 83, '我觉得她是一个谦虚的人。 (I think that she is a humble person.)'),
(149, 84, '他是全职老师。(He is a full-time teacher.)'),
(150, 84, '我是兼职工人。(I am a part-time worker.)'),
(151, 85, '我以前想做医生，但是我现在想做银行家。(Before I wanted to be a doctor, but now I want to be a banker.)'),
(152, 85, '我以前想去美国上大学，但是我现在想去欧洲上大学。(Before, I wanted to go to United States for university, but now I want to go to Europe.)'),
(153, 86, '你今天有几节课？(How many classes - time periods - do you have today?)'),
(154, 86, '你今年有几门课？（How many subjects do you take this year?）'),
(155, 87, '黑老师让我们多说汉语。(Helen asks us to speak more Chinese.)'),
(156, 88, '我跟你一样，我们都是男生。（I am similar to you in terms that we are both schoolboys.)'),
(157, 88, '中国人跟欧洲人不一样。中国人有黑色的头发，但是欧洲人有金色的头发。(Chinese and the Europeans are different. Chinese people have black hair, but Europeans have blonde hair.)'),
(158, 89, '我五岁开始上学。(I started school at the age of five.)'),
(159, 89, '我十一岁开始弹吉他。（I started playing guitar at the age of eleven.)'),
(160, 90, '老师对我们很好。(The teacher is very good to us.)'),
(161, 25, '奶奶给我们做饭。(Grandmother is preparing meal for us.)'),
(162, 25, '你可以给我那个吉他吗？(Can you give me that guitar?)'),
(163, 30, '我最不喜欢做饭。（I do not like cooking the most. Make sure that 最 comes before 喜欢.)'),
(164, 91, '我会说一点汉语。(I can speak a little bit of Chinese.)'),
(165, 92, '中文有点难。（Chinese is a bit difficult.）'),
(166, 93, '我毕业以后想当一个经济学家。(I want to become an economist after I graduate.)'),
(167, 83, '我觉得经济课很实用。（I think the economic class is very practical.）'),
(168, 27, '我从小就弹吉他。(I played guitar from an early age.)'),
(169, 4, '你家有几口人？ (How many family members do you have?)'),
(170, 10, '我们的学校园又美有大。 （Our school campus is big and beautiful.)'),
(171, 96, 'A在B的左面;B在A的右边。(A is on the left side of B; B is on the right side of A.) '),
(172, 96, 'A在B的下面;B在A的上边。(A is below B; B is above A.)'),
(173, 96, 'A在B的后面;B在A的前边。(A is behind B; B is at the front of A.)'),
(174, 97, '李宝椿的附近有一个地铁站。(There is an MTR station near LPC.)'),
(175, 98, '我们的学校离地铁站多远？走路五分钟。 (How far is our school from the MTR station? Five minutes walk.)'),
(176, 98, '我们的学校离沙田多远？坐地铁半小时。(How far is our school from Sha Tin? Take the MTR for half an hour.)'),
(177, 99, '非洲舞很好跳。(African dance is easy to dance.)'),
(178, 99, '她很好看。(She is so beautiful.)'),
(179, 99, '这个游戏很好玩。(This game is very fun.)'),
(180, 99, '她不好看。(She is not good looking. - still friendly)'),
(181, 99, '她难好看。(She is ugly - note that this is an offensive expression.)'),
(182, 100, '百分之八十五 (85 %)'),
(183, 100, '二分之一 (1/2)'),
(184, 100, '一半 (50%)'),
(185, 100, '三分之二 (2/3)'),
(186, 100, '百分之七十五 (75%)'),
(187, 100, '四分之三 (75%)'),
(188, 101, '名人 (celebrity)'),
(189, 101, '名校 (prestigious schools)'),
(190, 101, '名师 (famous teacher)'),
(191, 101, '有名的电影 (famous movies)'),
(192, 101, '有名的篮球运动员 (famous basketball players)'),
(193, 101, '有名的科学家 (famous scientist)'),
(194, 102, '在李宝椿，多于四分之三的学生是女生。(At LPC, more than 3/4 of the students are girls.)'),
(195, 102, '在李宝椿，多于一半的学生是香港人。(At LPC, more than half of the students are from Hong Kong.)'),
(196, 103, '一次 (once)'),
(197, 103, '两次 (twice)'),
(198, 103, '下次 (Next time)'),
(199, 103, '上次 (Last time)'),
(200, 103, '下次再见。(See you next time.)'),
(201, 103, '下次再聊。(Talk to you next time.)'),
(202, 103, '下次再来。(Come again next time.)'),
(203, 104, '他学习很努力。 (He studies so hard.)'),
(204, 104, '他工作很努力。(He is so hardworking at work.)'),
(205, 105, '我一点儿都不怕考试。（I am not afraid of the exam at all.）'),
(206, 105, '中文作业一点儿都不难。(Chinese homework is not difficult at all.)'),
(207, 105, '这次考试，我一点儿都没复习。(For this exam, I did not revise at all.)'),
(208, 105, '这个连衣裙一点儿都不贵。(This dress is not expensive at all.)'),
(209, 106, '奶奶为我做晚饭。（Grandma made dinner for me.）'),
(210, 105, '我一点儿都没有时间。(I have no time at all.)'),
(211, 106, '去年, 爸爸为我请数学家教因为我的数学成绩不好。(Last year, my father hired me a maths tutor because my maths grades were not good.)'),
(212, 107, '这次中文考试，我得了七分。(For this Chinese exam, I got seven.)'),
(213, 107, '在足球比赛，李宝椿得了三分。(In this football match, LPC scored three goals.)'),
(214, 108, '他不在了。(He is not here - meaning he is dead.)'),
(215, 109, '昨晚，我做了一个梦，我梦见你了。(Last night, I had a dream, I dreamed of you.)'),
(216, 109, '做梦！(a phrase saying - you wish! - in other words, your dream will not come true.)'),
(217, 110, '他有二十八年的工作经验。 (He has 28 years of work experience.)'),
(218, 110, '他是一个有经历的老师。(He is a teacher with experience.)'),
(219, 110, '她很有经验。(She is very experienced.)'),
(220, 110, '他经历了很多。（He has experienced a lot.）'),
(222, 111, '你喜欢吃什么? (What would you like to eat?)'),
(223, 111, '你喜欢什么吃的？(What food do you like?)'),
(224, 112, '苹果是一种水果 (Apple is a kind of fruit - correct.) '),
(225, 112, '苹果是一种果实。 (Incorrect)'),
(226, 112, '吃点水果！(Eat some fruit - correct)'),
(227, 112, '吃点果实。(Eat some fruit - incorrect)'),
(228, 112, '苹果树长出了果实。 (The apple tree has born fruits. - Correct) '),
(229, 112, '苹果树长出了水果。 (The apple tree has born fruits. - Incorrect) '),
(230, 113, '黑车(Illegal Vehicle)'),
(231, 113, '黑店(Illegal shop)'),
(232, 113, '黑市(Black market)'),
(233, 114, '和海鲜比，我更喜欢吃鸡肉，但是我最喜欢吃猪肉。(Compared with seafood, I prefer eating chicken, but I like eating pork the most.)'),
(234, 115, '你喜欢猪肉还是鸡肉? (Do you like pork or chicken?)'),
(235, 116, '猪肉或鸡肉都可以。(Pork or chicken is fine.)'),
(236, 117, '四菜一汤 (Four dishes and one soup)'),
(237, 118, '我饿了！你有什么吃的? (I am hungry! What food do you have?)'),
(238, 119, '我渴了！你有什么喝的？ (I am thirsty, what drink do you have?)'),
(239, 75, '不用了！谢谢。(No,thanks. - responding to would you like something?)'),
(240, 120, '我们食堂的汤不错，有蔬菜汤比如西红柿汤，萝卜汤和南瓜汤。(The soup in our cafeteria is good, with vegetable soups such as tomato soup, radish soup and pumpkin soup.)'),
(241, 121, '你在吃醋因为我的女朋友很漂亮。(You are jealous because my girlfriend is very beautiful.)'),
(242, 122, '你点了什么？(What did you order?)'),
(243, 122, '我点了牛排，你呢？(I ordered the steak, what about you?)'),
(244, 122, '点外卖 (to order takeaway)'),
(245, 124, '他问我咖啡是否要加牛奶和糖。(He asked me whether or not I want to added sugar and milk in my coffee.)'),
(246, 124, '我不知道她是否喜欢。(I do not know whether she likes it or not.)'),
(247, 123, '如果你不吃肉，我们有素菜。(If you do not eat meat, we have vegetarian dishes.)'),
(248, 126, '你可以试试。(You can try it.)'),
(249, 125, '我们只有猪肉炒面。(We only have pork noodles.)'),
(250, 127, '把手机给我！(Give me the phone!)'),
(251, 127, '他把鸡肉炒面换成猪肉炒面。(He replaced the chicken noodles with pork noodles.)'),
(252, 128, '他们等了很长时间，所以他们很生气。(They waited for a long time, so they are very angry.)'),
(253, 87, '他让我等一下。(He asked me to wait.)'),
(254, 87, '他让我等一等。 (He asked me to wait.)'),
(255, 87, 'Helen 让你马上去办公室。(Helen wants you to go to the office right away.)'),
(256, 128, '他让我等一下。(He asked me to wait.)'),
(257, 128, '他让我等一等。 (He asked me to wait.)'),
(258, 128, '你可以等我吗？(Can you wait for me?)'),
(259, 129, '爸爸开的车。(The car that dad drives)'),
(260, 129, '我妈妈穿着的那双皮鞋。(The pair of leather shoes my mother is wearing.)'),
(261, 130, '他告诉我早点睡觉。(He told me to go to bed early.)'),
(262, 130, '他说我喜欢饺子。(He said I like dumplings.)'),
(263, 130, '他说话很多。(He talks a lot.)'),
(264, 131, '他一直学习。(He studies all the time.)'),
(265, 133, '他的肚子疼得很厉害。(His stomach hurts a lot / very badly)'),
(266, 134, '他睡觉太少。(He sleeps too little.)'),
(267, 134, '他睡觉很少。(He sleeps very little.)'),
(268, 135, '他睡觉不够了。(He did not sleep enough.)'),
(269, 136, '我们快点去医院吧。（Lets go quickly to the hospital.）'),
(270, 132, '不要吃油的东西。(Do not eat oily things.)'),
(271, 136, '别吃油的东西。(Do not eat oily things.)'),
(272, 137, '睡觉少，对身体不好。（Sleeping less is bad for your health.）'),
(273, 138, '马鞍山有好几家饭店。（There are several restaurants in Ma On Shan.）'),
(274, 138, '香港哟好几所国际学校。(There are several international schools in Hong Kong.)'),
(275, 139, '我花了 299 元买了这副眼镜。（I bought these glasses for 299 RMB.）'),
(276, 139, '我花了 299 元买了一本书。(I bought a book for 299 RMB.)'),
(277, 139, '他花一个小时吃早饭。（He spends an hour eating breakfast.）'),
(278, 140, '他超级好。 (He is super good.)'),
(279, 139, '我上周跟朋友在书店花了六十块给姐姐买一本书。(I spent sixty RMB with my friend in a bookstore last week to buy a book for my sister.)'),
(280, 141, '看一看/看看 (look around)'),
(281, 141, '说一说/说说 (talk about)'),
(282, 141, '试一试/试试 (have a try)'),
(283, 141, '坐一坐/坐坐 (visit)'),
(284, 141, '等一等/等等 (wait)'),
(285, 141, '尝一尝/尝尝 (taste)'),
(286, 141, '你可以尝一尝这个汤咸不咸吗？(Can you taste and see if this soup is salty or not?)'),
(287, 141, '你可以说一说你的国家吗？(Can you talk about your country?)'),
(288, 142, '穿这条裤子，可以配这双鞋。(The pants are matching with these shoes.)'),
(289, 142, '他不配。(He does not deserve - a person or a thing. Note that this is a very strong comment.)'),
(290, 143, '打九折 (10% Off)'),
(291, 143, '打八折 (20% off)'),
(292, 143, '打九五折 (5% off)'),
(293, 143, '打八五折 (15% off)'),
(294, 144, '地铁挺快了。(MTR is quite fast.)'),
(295, 144, '她挺可爱的。(She is pretty cute.)'),
(296, 144, '香港挺方便的。(Hong Kong is pretty convenient.)'),
(297, 145, '打篮球 (play basketball)'),
(298, 145, '打人 (hit a person)'),
(299, 145, '打电话 (make a phonecall)'),
(300, 145, '打电话 (make a phonecall)'),
(301, 145, '打车 （take a taxi）'),
(302, 146, '什么时候都可以。(Anytime is fine)'),
(303, 146, '你什么时候有空？(When are you free?)'),
(304, 146, '我们今天下午去哪儿？(Where shall we go this afternoon. In here, 哪儿 is a question word.)'),
(305, 146, '哪儿都可以。(Anywhere is fine. In here, 哪儿 is used as a noun, meaning wherever.)'),
(306, 146, '你想和谁去看电影? （Who do you want to go to the movies with? In here, 谁 is used as a question word.）'),
(307, 146, '谁都可以。(Whoever is fine. In here, 谁 is used as noun, meaning whoever. )'),
(308, 148, '我们刚到了。（We have just arrived.）');

-- --------------------------------------------------------

--
-- Table structure for table `SENSTRU`
--

CREATE TABLE `SENSTRU` (
  `struct_id` int(11) NOT NULL,
  `struct` mediumtext COLLATE utf8mb4_unicode_ci NOT NULL,
  `struct_description` mediumtext COLLATE utf8mb4_unicode_ci NOT NULL
) ENGINE=InnoDB DEFAULT CHARSET=utf8mb4 COLLATE=utf8mb4_unicode_ci;

--
-- Dumping data for table `SENSTRU`
--

INSERT INTO `SENSTRU` (`struct_id`, `struct`, `struct_description`) VALUES
(1, '两', '两 (liǎnɡ) means two and it is used instead of (二) before the measure word (个).'),
(2, '有...吗 and 有没有', '你有...吗? is equivalent to 你有没有...?'),
(3, '都', '都 (dōu) means both.'),
(4, '几', '几 (jī) means how much, usually for small numbers less than 10.'),
(5, '哪', '哪 (nǎ) means which.'),
(6, '哪儿', '哪儿 (nǎr) means where.'),
(7, '也 and 还', 'Both 也 (yě) and 还 (hái) means also. 也 is for dfferent person and 还 is for the same person.'),
(8, '有', '有 (yǒu) has two meanings - have and about. It can mean have as in I have a brother. Or it can mean about to say approximate quantities such as heights and weight.'),
(9, '年纪', '年纪 (nián jì) is a more polite way to ask the age of elders.'),
(10, '又', '又...又... (yòu ... yòu ...) structure is used for joining two similar words together. They must have the same number of syllables and must be the same type of words to use\r\nthis structure.'),
(11, '是...吗? and 是不是?', '这是...吗? is equivalent to 这是不是...?'),
(12, '像', '像 (xiànɡ) means look like.'),
(13, '不 and 没', 'Although both 不 (bù) and 没 (méi) adds negative meaning to verbs, 没 means did not and 不 implies can not.'),
(14, '过', 'A verb + 过 (ɡuò) means have + verb.'),
(15, '然后', '然后 (rán hòu) means then.'),
(16, '从...到', '从...到... (cónɡ...dào...) means from something to something when used together.'),
(17, '以后', '以后 (yǐ hòu) means after.'),
(18, '以前', '以前 (yǐ qián) means before.'),
(19, '先...,再...', '先...,再... (xiān ... zài) structure is for saying I do something first, then do other thing.'),
(20, 'Describing Time Taken', 'Structures to tell about duration are Subject + Time + Verb + Noun + Verb + 了 + Duration (Variation 1) and Subject + Time + Verb + 了 + Duration + Noun (Variation 2)'),
(21, '到', '到 (dào) alone means arrive. However, it is used in describing temperature when discussing weather, to say from this degree to that degree Celsius.'),
(22, '一边', '一边...一边 (yī biān...yī biān) structure is used for saying somebody is doing something while doing something else.'),
(23, '多长时间', '多长时间 is the question word for asking the duration of an activity with the form Subject + Time + Verb + Noun + Verb + 了 多长时间?'),
(24, '完', '完 (wán) means finish doing something. It is often used with 以后 (yǐ hòu).'),
(25, '给', '给 (ɡěi) means give. As a preposition, it also means \'for.\' (see examples)'),
(26, '得', '得 has multiple meanings and sounds. 得 (de) is used to\r\ndescribe appearance as in 长得 . 得 (děi) means have to and used in the structure - subject + 得​ + Verb +了! Finally it is used to describe ability of a skill in the structure -\r\nSubject + Verb + Noun + Verb +得+ adj.'),
(27, '就', '就 (jiù) implies that the routine is earlier than usual. Note that we need 了 after the sentence.'),
(28, '才', '才 (cái) implies that the routine is later than usual.'),
(29, '只好', '只好 (zhǐ hǎo) is an adverb used to express that one has no choice but to - or - has no other option but to. The option is one the speaker is not fond of. The structure is ...,\r\nSubj + 只好 + Verb Phrase'),
(30, '最', '最 (zuì) means the most.'),
(31, '比', '比 (bǐ) is used for comparison between two subjects, in the sentence structure - A+比+B+adj.'),
(32, '非常', '非常 (fēi chánɡ) means extremely and it is used with an adjective.'),
(33, '工作', '工作 (ɡōnɡ zuò) means to work.'),
(34, '哪里', '哪里 (nǎ li) means where.'),
(35, '家', '家 has two meanings - home and measure word for places. It is used as a measure word for most places, except for schools.'),
(36, '所', '所 (suǒ) is a measure word for schools.'),
(37, '多个', '多个 (duō ɡè) means more than.'),
(38, '除了...以外', '除了...以外,... (chú le...yǐ wài,...) structure is used to say apart from something, I also something. It is used along\r\nwith 还 to mean also.'),
(39, '特别', '特别 (tè bié) means especially. Do not forget 是 after 特别。'),
(40, '一会儿', '一会儿 (yī huìr) means for a while.'),
(41, '得怎么样', '你 + Verb + Noun + Verb + 得怎么样? Structure is used to ask someone about the ability of their skills.'),
(42, '要', '要 (yào) means want/need.'),
(43, '几点', '几点 means what time, but it asks for more specific time. The answer should be something like 10 minutes past 10 o\'clock.'),
(44, '什么时候', '什么时候 also asks what time, but it is more general. The answer can be just the date - such as 5th of June.'),
(45, '怎么样', '怎么样? (zěn me yàng) is a question word asking about your opinion. It means what do you think about something?'),
(46, '什么样', '什么样 is a question word to ask about physical appearance.'),
(47, '的时候', '的时候 (de shí hou) means while. It can be used with 正 (zhènɡ) to mean something is happening right now (present participle form).'),
(48, '会', '会 (huì) has three meanings. It means can (or) will (or) for a while in 一会儿.'),
(49, '差', '差 has three meanings and three sounds. 差 (chāi) is used in 出差 to say business trip. 差 (chā) is used to indicate a number of minutes before an hour when describing time.\r\n差 (chà) is used to mean bad ability.'),
(50, '太', '太 (tài) means too. The general structure is 太 + adj + 了! 了 is not needed if 不 is used at front.'),
(52, '更', '更 (ɡènɡ) means more. It is also used in structure - Subject + ​更​喜欢 + a hobby - to say someone ​prefer ​doing a hobby.'),
(53, '左右', '左右 (zuǒ yòu) means around. It literally means left and right.'),
(54, '可以', '可以 (kě yǐ) means okay or able to. It is used in the structure - 我喜欢 + ​weather​ ，因为 + ​weather​ + 的时候，我可以 + ​verb.'),
(55, '和', '和 has multiple sounds. 和 (hé) means and. 和 (huō) is used in 暖和 (nuǎn huō) - warm.'),
(56, '应该', '应该 (yīnɡ ɡāi) means should.'),
(57, '网', '网 (wǎnɡ) literally means net, but it also means the internet or online related things. 网上 - noun - online / 上网 - verb - surf the internet'),
(58, '一般', '一般 (yī bān) means normally.'),
(59, '在', '在 (zài) literally means at. But, it can be used in two contexts. If used with places, it means at, but when it is combined with a verb, it implies the -ing form. See the\r\nexamples below.'),
(60, '着', '着 (zhe) can also be used to imply the meaning of right now. Nice structures to set up the story.'),
(61, '经常', '经常 (jīnɡ chánɡ) is a frequency word meaning often.'),
(62, '越来越', '越来越 (yuè lái yuè) means more and more. We can also use the structure - 越 + verb + 越 + adjective (see example 3 below.) Take care of which adjective refers to which\r\nnoun.'),
(63, '高', '高 - means tall as in the height of a person : opposite meaning - 矮 (short) , or high as in high temperature: opposite meaning - 低 (low)'),
(64, '虽然...但是', '虽然...但是 (suī rán...dàn shì) structure means although,... But... .'),
(65, '穿', '穿 (chuān) means to wear clothes.'),
(66, '戴', '戴 (dài) means to wear accessory - such as scarf, gloves.'),
(67, '带', '带 (dài) means to bring any object.'),
(68, '出差', '出差 (chū chāi) means business trip. The sentence structure is 去 + place + 出差.'),
(69, '上班', '上班 (shànɡ bān) means to go to work.'),
(70, 'Describing duration of stay/work', 'To describe duration of stay or work, use the structure - Subject+在+Place+住(or工作) +了+time duration.'),
(71, 'Describing Ability', 'Question: 你 + Verb + Noun + Verb + 得怎么样? Ans: Subject + Verb + Noun + Verb +得+ adj. (好​ - good，不太好- not too good，不错 - not bad, 差 - bad)'),
(72, '转', '转 (zhuàn) means changing from one state to another.'),
(73, '度', '度 (dù) is the measure word for temperatures - in degrees Celsius.'),
(74, '这里', '这里 (zhè lǐ) means here or this place.'),
(75, '不用', '不用 (bù yònɡ) means do not need to.'),
(76, '用', '用 (yònɡ) alone means use.'),
(77, '不能', '不能 (bù nénɡ) means cannot do something due to condition.'),
(78, '不会', '不会 (bù huì) also mean cannot do something, bue due to lack of skill.'),
(79, '些', '些 (xiē)gives a plural form to a word.'),
(80, 'This/that/these/those', '这个 (zhè ɡe) - this, 那个 (nà ɡe) - that, 这些 (zhè xiē) - these, 那些 (nà xiē) - those'),
(81, '正在', '正在 (zhènɡ zài) means something is happening right now (present participle form).'),
(82, '一起', '一起 (yī qǐ) means together.'),
(83, '觉得', '觉得 (jué dé) is used to say somebody feel or sense or think that - such as saying \'I think that she is very humble\'. It is used to avoid judgement when talking about others.'),
(84, '全职/兼职', '全职 (quán zhí) means full time job and  兼职 (jiān zhí) means part time job. Add a job after 全职 or 兼职 to say full time or part time job.'),
(85, 'Before/Now', 'Use the following structures to compare between the past and present. The general structure is : Subject + 以前 + verb , 但是 + subject + 现在 + verb.'),
(86, 'Difference between 节 and 门', '节 (jié) and 门 (mén) are both used as measure words for classes. However, 节 (jié)  refers to the time period, but 门 (mén) refers to the subjects.'),
(87, '让', '让 （ràng）means to let/ to allow/ to ask. '),
(88, '一样', '一样 （yī yàng）can be used to compare and contrast two different things in the structures : A 跟 B 一样 (similar)。  (or) A 跟 B 不一样 (difference)。You need to give reason after saying whether two things are similar or different.'),
(89, '开始', '开始 (Kāi shǐ) means to start something. It is often used to say I started doing something at a particular age.'),
(90, '对', '对 (duì) means correct. But as a preposition, it also means \'to.\''),
(91, '一点', '一点 (Yī diǎn) means a little or a bit. It is used with nouns. (Compare with 有点 - Yǒu diǎn - which is used with adjectiies.）'),
(92, '有点', '有点 （yǒu diǎn）also means a little or a bit. It is used with adjectives but not nouns. Compare with 一点 （yī diǎn）which is used with nouns.'),
(93, '毕业', '毕业 （bì yè）means graduate.'),
(96, 'Prepositions', 'The general structure is: A 在 B 的 + preposition. '),
(97, 'Prepositions - 2', 'Another structure for prepositions is: A + 的 + prep + 有 一个 + B.'),
(98, 'Questioning how far?', 'To question how far the distance is between the places, use the structure: A + 离 + B + 多远/多近?'),
(99, '很好', '很好 + verb = an adjective. '),
(100, 'Expressing Percentage', 'To express percentages, use the expression : 百分之 (Bǎi fēn zhī) + percentage. There are also other ways to say fractions in the example.'),
(101, '名', '名 (Míng) + noun means that something is famous. Note that the noun must be 1 syllable only. If it is more than 1 syllable, use the expression: 有名的 + noun.'),
(102, '多于', '多于 (Duō yú) also means more than. It is used in front of the percentage expressions. The general structure is :  多于 + percentage.'),
(103, '次', '次 (cì) means times.  '),
(104, 'Showing Attitude', 'Attitude of a person on a particular action can be shown with the structure: Subject + verb + 很 + attitude.'),
(105, '一点儿都', 'Subject + 一点儿都不 + ... (or) Subject + 一点儿都没 + ... means not at all. When combined with 不, it means not at all (now). When combined with 没, it means did not ... at all.'),
(106, '为', '为 (wèi) also means for. Also see 给 (gěi).'),
(107, 'Describing sports score / exam grades', 'Use 得了 before the score to describe it.'),
(108, '不在', '不在（Bù zài）literally means not here. However, it is also an euphemism for dead. '),
(109, '梦', '梦 (Mèng) alone means dreaming (in sleep). However, when we say 梦想 (Mèng xiǎng) it means dream as in ambition (something you want to be in the future.)'),
(110, '经历 vs 经验', '经历 (jīng lì) vs 经验 (jīng yàn) both mean experience. However, 经历 means experience in everyday life, but 经验 means experience which you can learn from (experience from which you grow).'),
(111, '吃', '吃 (chī) alone is a verb and it means to eat. However, when we say 吃的 (chī de), it becomes a noun and it means food.'),
(112, '果', '水果 (shuǐ guǒ) and 果实 (guǒ shí) both means fruit. 水果 is a noun meaning the fruit (apple, banana.etc) and 果实 means fruitage (result or outcome of something) originally.'),
(113, '黑', '黑 means the colour black, or illegal.'),
(114, '和...比', '和+subject+比 (hé + subject + bǐ) means compared to the subject.'),
(115, '还是', '还是 (hái shì) means - or - and it is used in the question.'),
(116, '或', '或 (huò) means - or - and it is used in the answer.'),
(117, 'Describing scale of meal', 'To describe the number of dishes in the meal, we can use the structure : number of dish + 菜 + number of soup + 湯'),
(118, '饿', '饿 (è) means hungry.'),
(119, '渴', '渴 (kě) means thirsty.'),
(120, '比如', '比如 (Bǐ rú) means such as. Compare with等等(.etc) '),
(121, '吃醋', '吃醋 (Chī cù) literally means eat vinegar. However, it also has an implied meaning of somebody being jealous of something.'),
(122, '点', 'One of the meanings of 点 (diǎn) is to order food.'),
(123, '如果', '如果 (rú guǒ) means if. It is used with a dependent clause. Compare with 是否 (shì fǒu).'),
(124, '是否', '是否 (shì fǒu) means whether or not. It is used in a complete sentence. Compare with 如果 (rú guǒ).'),
(125, '只有', '只有 (zhǐ yǒu) means only have.'),
(126, '试试', '试试 (shì shì) means to try something new (e.g. food, or experience).'),
(127, '把', '把 (bǎ) is a grammar word used to give order.'),
(128, '等', '等 (děng) means to wait.'),
(129, '的', '的 (De) is also used to construct clauses.'),
(130, 'Speaking', 'Speaking can be described by 告诉 (Gàosù), 说 (Shuō) or 说话(Shuō huà). To say someone tells someone else to do something, use 告诉 (Gàosù). To say someone is speaking alone, use 说 (Shuō). If you want to say someone speaks, use 说话(Shuō huà). Note that if you use 说 (Shuō) for conversation between two people, it means scold. See examples.'),
(131, '一直', '一直 (Yī zhí) means always.'),
(132, '不要', '不要 (Bù yào) means do not. It is interchangeable with 别 (Bié)'),
(133, '厉害', '厉害 (lì hài) means so much. It is used to express the intensity in the form : adjective + 得很厉害.'),
(134, '少', '少 (shǎo) means less.'),
(135, '够', '够 (gòu) means enough.'),
(136, '吧', '吧 (Ba) means Lets do something.'),
(137, 'For', 'To express if an action is good/bad for something, use the structure: statement ，对 + object + 好/不好'),
(138, '好几', '好几 - Hǎo jǐ means several.'),
(139, '花', '花 - huā , as a noun means flower. As a verb means to spend time or money.'),
(140, '超', '超- chāo - means super. It can be used to say someone is exceptionally good at something.'),
(141, '一', 'verb + 一 + verb means the same as verb + verb. It forms a phrase. '),
(142, '配', '配 - Pèi means match, whether a clothes suit a person or someone is a match for someone.'),
(143, 'Discount', 'Chinese Discounts are expressed in 10 and not 100. Also, they talk about the % you pay of the original price out of 10. The structure is ： 打 + amount you pay out of 10 + 折'),
(144, '挺', '挺 (Tǐng) implies quite or pretty for adjectives. e.g. quite good/ pretty good.'),
(145, '打', '打 (Dǎ) - literally means hit. However, its exact meaning depends on context.'),
(146, 'Whenever/Wherever/ Whoever', 'When the question words are used as noun, they imply the meaning of whenever/wherever/whoever. See examples.'),
(147, 'Visiting', '看了(Kàn le) means visiting people. 参观 (Cān guān) is for visiting places. '),
(148, '刚', '刚 （gāng）means just.');

-- --------------------------------------------------------

--
-- Table structure for table `SHADOW`
--

CREATE TABLE `SHADOW` (
  `txt_id` int(11) NOT NULL,
  `title` mediumtext COLLATE utf8mb4_unicode_ci NOT NULL,
  `about` mediumtext COLLATE utf8mb4_unicode_ci NOT NULL,
  `txt` longtext COLLATE utf8mb4_unicode_ci NOT NULL
) ENGINE=InnoDB DEFAULT CHARSET=utf8mb4 COLLATE=utf8mb4_unicode_ci;

--
-- Dumping data for table `SHADOW`
--

INSERT INTO `SHADOW` (`txt_id`, `title`, `about`, `txt`) VALUES
(1, 'Family Members - 1', 'This is Gao Ming talking about his siblings.<br> Topic - Family, Body Parts', '我叫高明。我有两个弟弟。我大弟弟今年八岁，上四年级。 我小弟弟今年四岁，还没上学。我的弟弟长得高高 的，瘦瘦的。他的头大大的，脸圆圆的。我小弟弟长得矮矮的，胖胖的。他的眼睛和鼻子都小小的。'),
(2, 'Family Members - 2', 'This is about the families of speaker’s friends: Ma Xiao Xing and Li Ying. <br> Topics - Family, Countries and Languages', '马小星是我的同学。他爸爸是俄罗斯人，妈妈是新加坡人。他是独生子。他在美国出生，但是在德国长大。他们一家人现在住在中国。李英也是我的同学。她一半是西班牙人，一半是日本人。他是独生女。他在英国出生，但是在法国长大。他们一家人现在住在中国。我们三个人每天都在一起。'),
(3, 'Family Members- 3', 'This is about Li Da Peng’s family. <br> Topics - Family, Countries and Languages', '我叫李大朋。我爸爸是美国人，妈妈是中国人。我们一家人现在住在中国。 我家有四口人：爸爸，妈妈，妹妹和我。我今年十二岁，是中学生。我妹妹今年五岁，还没上学。他们是我爷爷，奶奶。我爷爷是美国人，奶奶是英国人。他们现在住在德国。他们是我外公，外婆。我外公是中国人，外婆是新加坡人。他们现在住在法国。这是我的好朋友。他叫大同。他是英国人。他在俄罗斯出生，但是在英国长大。'),
(4, 'Family, Jobs - 1', 'This paragraph is about Tong Tong’s family. She talks about her parents’ jobs. <br> Topics - Family, Jobs, Time, Countries and Languages', '我叫同同。我今年十五岁，上十年级。我爸爸是中国人，妈妈是西班牙人。我爸爸，妈妈都工作。我爸爸是商人，在一家中国公司工作。他每天早上九点上班，晚上七点下班。我妈妈是老师，在一所中学教西班牙语。他每天早上七点上班，晚上五点下班。在家，我一般跟爸爸说汉语，跟妈妈说西班牙语。在学校，我跟同学说英语。'),
(6, 'Family, Jobs - 2', 'This is about the jobs of Wan Peng Peng’s mom, dad, brother and sister. <br>\r\nTopics - Family, Jobs', '我叫王朋朋。我是中国人。我今年十二岁，上八年级。我家有五口人：爸爸，妈妈，哥哥，姐姐和我。我爸爸，妈妈，哥哥和姐姐都工作。我爸爸是银行家，在一家美国银行工作。他不常出差。我妈妈是秘书，在一家英国律师行工作。我哥哥是经历，在一家酒店工作。我姐姐是服务员，在一家饭店工作。'),
(7, 'Family, Jobs - 3', 'This is about the jobs of speaker’s parents and how they travel to their jobs. <br> Topics - Family, Transportation, Jobs', '这是我爸爸。他是医生，在一家医院工作。他每天都开车上班。他工作很忙，还经常去广州出差。她一般坐火车去广州。这是我妈妈。他是酒店经理。他每天早上先坐七点的船，然后坐公共汽车上班。他工作也很忙，常常去香港出差。他一般坐飞机去香港。这是我。我是中学生。我每天都坐校车上学。'),
(8, 'Mixed - 1', 'This paragraph covers family, jobs, transportation, countries and languages.', '我叫王然。我今年十三岁，上八年级。我家有四口人：爸爸，妈妈，弟弟和我。我们一家人现在住在上海。我爸爸是商人。他在一家日本公司工作。他工作很忙，经常去美国和英国出差。我妈妈是老师。他在一所中学教汉语。他工作也很忙，但是他不出差。我弟弟今年五岁。他还没上学。我爸爸每天都开车上班。我妈妈一般先坐船，然后坐出租车上班。我每天都坐校车上学。我爸爸会说汉语，英语和日语。我妈妈会说汉语和英语。我和弟弟也会说汉语和英语。'),
(9, 'Daily Routine - 1', 'This is about a student’s daily routine. The paragraph contains good sentence structures: such as father taking the student to school and mom picking him up from school.', '他一般早上六点半起床。他每天都吃早饭。每天早上他爸爸都开车送她上学，下午他妈妈开车接他回家。他们学校早上八点一刻开始上课。他中午一点在学校吃午饭。他们下午三点二十放学。他们家一般七点半吃晚饭。他八点半开始做作业。他一般十点睡觉。'),
(10, 'Daily Routine - 2', 'This is another daily routine, but with additional vocabulary such as ‘surfing the net’ and ‘for a while’. <br> Topics - Daily Routine', '我叫高放。我今年十二岁，上七年级。我在一所英国学校上学。从星期一到星期五，我早上七点起床，七点半吃早饭。我八点走路去上学，八点一刻到学校。我们八点半开始上课，下午三点半放学。我妈妈开车接我回家。到家以后，我先吃点儿零食，然后做作业。我们家一般七点吃晚饭。晚饭以后，我先看一会儿电视，上一会儿网，然后看书。我一般九点半刷牙，睡觉。'),
(11, 'Daily Routine - 3', 'This is another daily routine paragraph of Wang Tian Xi’s family. The paragraph contains good sentence structures: such as father taking the student to school and mom picking him up from school. ', '我叫王天喜。我今年十岁，上六年级。 我爸爸是中国人，妈妈是美国人。我会说汉语，英语和一点儿日语。从星期一到星期五，我早上七点起床。我每天都吃早饭。早饭以后，我爸爸开车送我上学。我们八点开始上课，中午十二点半吃午饭，下午三点一刻放学。我妈妈开车接我回家。到家以后，我先吃点儿零食，然后做作业。 我们家一般七点吃晚饭。晚饭以后，我先看一会儿电视，然后上网。 我一般九点刷牙，睡觉。 我喜欢看书，看电视和上网。'),
(12, 'Conversation - 1', 'This is a conversation between two students about their school uniforms. <br> Topics - Clothes, Colours', '你们学校的学生穿校服吗？穿。我每天都穿校服上学。你呢？我也穿校服上学。你们学校的男生穿什么校服？他们穿白衬衫和蓝裤子。女生呢？他们穿黄色的衬衫和红色的裙子。你喜欢你们的校服吗？不喜欢。我不喜欢校服的颜色。'),
(13, 'Clothes - 1', 'This is about a family who owns so many clothes. It contains information about different clothes and colours. <br>\r\nTopic - Family Members, Clothes, Colours', '我们家每个人多有很多衣服。我爸爸有很多衬衫，有黑色的，绿色的，橙色的等等。他每天都穿衬衫和长裤上班。我妈妈有很多毛衣，有棕色的，粉色的，紫色的等等。他还有很多连衣裙。他的连衣裙有长的，也有短的。他喜欢穿连衣裙上班。我有很多裤子，有长裤，短裤和牛仔裤。我还有很多T恤衫。我喜欢穿牛仔裤和T恤衫。'),
(14, 'Clothes - 2', 'This is about what kind of clothes the speaker wears throughout the week and their colours.<br> Topics - Clothes, Colours', '从星期一 到星期五， 我穿校服上学。我们 学校的 男生穿 白色的衬衫 和 蓝色的长裤。女生穿 白色的衬衫 和 蓝色的 短裙。我喜欢 我的学校的校服。星期六，星期天 我穿 T 恤衫 和 牛仔裤 。 我有很多 T恤衫， 有 白色的， 蓝色的， 粉色的，紫色的 等等。我还喜欢裙子。 我有很多裙子， 有长裙，短裙 和 连衣裙。'),
(15, 'Diary', 'This is a diary of a student and contains quite complex, but useful sentence structures. <br> Topics - Daily Routine', '今天是 星期一，我早上七点起床， 太晚了，没有洗澡和吃早饭就去上学了。 我们上午八点半到下午三点半上课。放学后我去了游戏机中心，玩儿了两个小时游戏机。我晚上六点钟到家，八点做作业，但 MSN 上有十多个朋友，我只好一边聊天儿，一边做作业。现在已经十一点了，还有很多作业没做完，看来今天得两点才睡觉了。老师给我们的作业太多了。'),
(16, 'Daily Routine - 4', 'This paragraph is about the daily routine of Wan Ming. A typical daily routine paragraph. <br> Topics - Daily Routine', '王明是中学生，今年十二岁，上中学二年级。他每天早上六点起床，然后吃早饭。他七点坐校车上学。他们早上八一点开始上课。他每天中午在学校吃午饭。他们一点十分吃午饭。他们下午三点十分放学。他坐校车回家。他一般四点一刻到家。他每天都有作业。他一般五点开始做作业。他家每天七点吃晚饭。他一般九点半睡觉。'),
(17, 'Hobbies - 1', 'This paragraph is about the speaker’s hobbies. This contains the sentence structure ‘Apart from, I also like’. <br> Topics - Hobbies', '除了古典音乐以外，我还喜欢听流行音乐。上个星期六，我和朋友去图书馆写了作业。 我很喜欢看电影，特别是喜剧电影。爸爸经常去健身房跑步，因为跑步很健康。我最喜欢的运动是滑冰，我经常去滑冰场滑冰。昨天唱完民歌以后，我画了半个小时油画。'),
(18, 'Conversation - 2', 'This is a conversation about after school activities. <br> Topic - After school activities, Sports', '你今年做什么课外活动？我画画儿，跳舞，还游泳。你周末有活动吗？没有活动。你今年做什么课外活动？我打网球，打冰球，还滑冰。你去哪儿打网球？我去学校打网球。你喜欢滑冰吗？我很喜欢滑冰。你呢？我不太喜欢滑冰。'),
(19, 'Hobbies - 2', 'This is a paragraph about the hobbies of Zhou Yi Bing. <br> Topic - Hobbies', '我叫周一冰。我今年十一岁，在一所美国学校上学。 我在学校学中文和英文。我很喜欢我的学校。在学校，我有好多朋友。我有很多爱好。我喜欢弹钢琴和听音乐。我还喜欢运动。我从五岁开始踢足球。我还喜欢跑步。我经常一边跑步一边听音乐。我周末很忙。我星期六上午有钢琴课，下午在家做作业。星期天我们一家人有时候饭店吃饭，有时候在家看电视。'),
(20, 'Weather Forecast - 1', 'This weather forecast tells about the weather of four cities : (Beijing - 北京, Shanghai - 上海, Xi\'an - 西安, and Hong Kong - 香港).<br> Useful words include : 有阵雨 (yǒu zhèn yǔ) - rain showers , 之间 (zhī jiān) - between, 可能 (kě néng) - maybe, 白天 (bái tiān) - daytime, 夜间 (yè jiān) - night time, 后天 (hòu tiān) - the day after tomorrow.', '北京今天多云，气温在二十度左右。明天早上有雾，下午多云转晴。上海今天阴天，有阵雨，气温在二十六度到三十二度之间。明天可能有台风。西安今天白天多云，夜间有小雪，最高气温五度，最低气温零下四度。明天晴天。后天可能有大雪。香港今天有小雨，最高气温三十三度，最低气温二十八度。明天白天有雷雨。'),
(21, 'Weather Forecast - 2', 'A much easier weather forecast telling about the weather of four cities: Beijing (北京), Guangzhou (广州), Hainan （海南) and Xi\'an (西安). <br> Useful words include 最高(zuì gāo) - highest and 周末 (zhōu mò).', '北京今天有小雪，刮西北风，气温在零下五到零下十度。明天阴转晴。广州今天晴，气温在二十度左右，周末转多云。海南今天下大雨，最高气温三十二度。西安今天上午有雾，气温在三度左右，下午转晴。'),
(22, 'Global Warming', 'A paragraph about Global Warming (全球变暖 - quán qiú biàn nuǎn). <br> Useful words are - 可到 (kě dào) - can go up to, and 以前 （yǐ qián) - before.', '北京一年有四个季节- 春，夏，秋，冬。北京的春天经常刮风。夏天天热多雨，最高温度可到四十多度。秋天天气最好，不冷也不热。冬天天冷，常常刮大风，有时气温在零度以下。这几年，全球变暖，北京的夏天越来越长。春天和秋天越来越短。冬天也比以前暖和了。'),
(23, 'Busy Student', 'This is a paragraph about a busy student that Helen told the class to read and upload the audio file.', '这个学期我每天都很累，从早到晚都很忙。从星期一到星期五，我每天早上六点就起床了。吃完早饭以后，我骑自行车去上学。我们早上八点开始上课，上午有四节课，下午有一节课，下午三点半放学。放学以后，我有很多课外活动，有弹吉他，打高尔夫球，骑马等等。除了课外活动以外，星期二我还有数学补习。晚饭以后，我会花一个小时读书，有时候还会玩儿一会儿电脑游戏。我一般十一点睡觉。周末我也很忙，我要练武术，还要参加足球训练，我从小就练武术，足球也踢得不错。');

-- --------------------------------------------------------

--
-- Table structure for table `TOPIC`
--

CREATE TABLE `TOPIC` (
  `topic_id` int(11) NOT NULL,
  `topic_name` tinytext COLLATE utf8mb4_unicode_ci NOT NULL,
  `year` int(11) NOT NULL
) ENGINE=InnoDB DEFAULT CHARSET=utf8mb4 COLLATE=utf8mb4_unicode_ci;

--
-- Dumping data for table `TOPIC`
--

INSERT INTO `TOPIC` (`topic_id`, `topic_name`, `year`) VALUES
(1, 'Body Parts', 1),
(2, 'Clothes', 1),
(3, 'Colors', 1),
(4, 'Countries and Languages', 1),
(5, 'Family', 1),
(6, 'Hobbies and Sports', 1),
(7, 'Jobs and Workplaces', 1),
(8, 'Numbers and Dates', 1),
(9, 'Subjects and University', 2),
(10, 'Time and Daily Routine', 1),
(11, 'Transportation', 1),
(12, 'Weather', 1),
(13, 'Chinese New Year', 1),
(14, 'Mid Autumn Festival', 1),
(15, 'Chinese Zodiac', 1),
(16, 'Food (General)', 2),
(17, 'Health and Healthy lifestyle', 2),
(18, 'House, Rooms and Furnitures', 2),
(19, 'Media and Internet', 2),
(20, 'School Facilities and Equipment', 2),
(21, 'Shopping', 2),
(22, 'Travel, Hotel and Tourist Center', 2),
(23, 'Travel, Town and Public Service', 2),
(24, 'Environmental Issues', 2),
(25, 'Question Words', 1),
(26, 'General Words (Year 1)', 1),
(27, 'Pronouns', 1),
(28, 'Timeline', 1),
(29, 'Pi\'s Personal Deck', 0),
(30, 'General Words (Year 2)', 2),
(31, 'Measure Words', 3),
(32, 'Personality/ Attitude', 2),
(33, 'Quan Cai and LPC-related words', 2),
(34, 'Preposition', 2),
(35, 'Food (Cuisine)', 2),
(36, 'Food (Cooking Methods)', 2),
(37, 'Food (Ingredient/Taste)', 2),
(38, 'Food (Cutlery)', 2),
(39, 'Food (Restaurant Phrases)', 2),
(40, 'Addressing People', 2),
(41, 'Festivals', 2),
(42, 'Text Types', 2);

--
-- Indexes for dumped tables
--

--
-- Indexes for table `HANZI`
--
ALTER TABLE `HANZI`
  ADD PRIMARY KEY (`hanzi_id`);

--
-- Indexes for table `IMG`
--
ALTER TABLE `IMG`
  ADD PRIMARY KEY (`img_id`);

--
-- Indexes for table `SENEXAMPLE`
--
ALTER TABLE `SENEXAMPLE`
  ADD PRIMARY KEY (`sen_id`);

--
-- Indexes for table `SENSTRU`
--
ALTER TABLE `SENSTRU`
  ADD PRIMARY KEY (`struct_id`);

--
-- Indexes for table `SHADOW`
--
ALTER TABLE `SHADOW`
  ADD PRIMARY KEY (`txt_id`);

--
-- Indexes for table `TOPIC`
--
ALTER TABLE `TOPIC`
  ADD PRIMARY KEY (`topic_id`);

--
-- AUTO_INCREMENT for dumped tables
--

--
-- AUTO_INCREMENT for table `HANZI`
--
ALTER TABLE `HANZI`
  MODIFY `hanzi_id` int(11) NOT NULL AUTO_INCREMENT, AUTO_INCREMENT=1294;

--
-- AUTO_INCREMENT for table `IMG`
--
ALTER TABLE `IMG`
  MODIFY `img_id` int(11) NOT NULL AUTO_INCREMENT, AUTO_INCREMENT=1144;

--
-- AUTO_INCREMENT for table `SENEXAMPLE`
--
ALTER TABLE `SENEXAMPLE`
  MODIFY `sen_id` int(11) NOT NULL AUTO_INCREMENT, AUTO_INCREMENT=309;

--
-- AUTO_INCREMENT for table `SENSTRU`
--
ALTER TABLE `SENSTRU`
  MODIFY `struct_id` int(11) NOT NULL AUTO_INCREMENT, AUTO_INCREMENT=149;

--
-- AUTO_INCREMENT for table `SHADOW`
--
ALTER TABLE `SHADOW`
  MODIFY `txt_id` int(11) NOT NULL AUTO_INCREMENT, AUTO_INCREMENT=24;

--
-- AUTO_INCREMENT for table `TOPIC`
--
ALTER TABLE `TOPIC`
  MODIFY `topic_id` int(11) NOT NULL AUTO_INCREMENT, AUTO_INCREMENT=43;
COMMIT;

/*!40101 SET CHARACTER_SET_CLIENT=@OLD_CHARACTER_SET_CLIENT */;
/*!40101 SET CHARACTER_SET_RESULTS=@OLD_CHARACTER_SET_RESULTS */;
/*!40101 SET COLLATION_CONNECTION=@OLD_COLLATION_CONNECTION */;
